"","Species","haddock_score_mean","haddock_score_sd","Order","Class","Species_ACE2","brain_body_ratio","Neritic_ecology","SupraLittoralZone_ecology","Saltmarshes_ecology","LittoralZone_ecology","TidePools_ecology","Intertidal_ecology","SubLittoral_ecology","Caves_ecology","Oceanic_ecology","Epipelagic_ecology","Mesopelagic_ecology","Bathypelagic_ecology","Abyssopelagic_ecology","Hadopelagic_ecology","Estuaries_ecology","Mangroves_ecology","MarshesSwamps_ecology","CaveAnchialine_ecology","Stream_ecology","Lakes_ecology","Cave_ecology","FeedingType.browsing.on.substrate_ecology","FeedingType.feeding.on.a.host..parasite._ecology","FeedingType.feeding.on.dead.animals..scavenger._ecology","FeedingType.feeding.on.the.prey.of.a.host..commensal._ecology","FeedingType.filtering.plankton_ecology","FeedingType.grazing.on.aquatic.plants_ecology","FeedingType.hunting.macrofauna..predator._ecology","FeedingType.other_ecology","FeedingType.picking.parasites.off.a.host..cleaner._ecology","FeedingType.plants.detritus.animals..troph..2.2.2.79._ecology","FeedingType.selective.plankton.feeding_ecology","FeedingType.sucking.food.containing.material_ecology","FeedingType.variable_ecology","DietTroph_ecology","DietSeTroph_ecology","DietTLu_ecology","DietseTLu_ecology","FoodTroph_ecology","FoodSeTroph_ecology","Parasitism_ecology","Solitary_ecology","Symbiosis_ecology","Symphorism_ecology","Commensalism_ecology","Mutualism_ecology","Epiphytic_ecology","Schooling_ecology","SchoolingFrequency.always_ecology","SchoolingFrequency.never_ecology","SchoolingFrequency.sometimes_ecology","SchoolingLifestage.juveniles.and.adults_ecology","SchoolingLifestage.only.adults_ecology","SchoolingLifestage.only.juveniles_ecology","Shoaling_ecology","ShoalingFrequency.always_ecology","ShoalingFrequency.never_ecology","ShoalingFrequency.sometimes_ecology","ShoalingLifestage.juveniles.and.adults_ecology","ShoalingLifestage.only.adults_ecology","ShoalingLifestage.only.females_ecology","ShoalingLifestage.only.juveniles_ecology","OutsideHost_ecology","InsideHost_ecology","Benthic_ecology","Sessile_ecology","Mobile_ecology","Demersal_ecology","Endofauna_ecology","Pelagic_ecology","Megabenthos_ecology","Macrobenthos_ecology","Meiobenthos_ecology","SoftBottom_ecology","Sand_ecology","Coarse_ecology","Fine_ecology","Level_ecology","Sloping_ecology","Silt_ecology","Mud_ecology","Ooze_ecology","Detritus_ecology","Organic_ecology","HardBottom_ecology","Rocky_ecology","Rubble_ecology","Gravel_ecology","Macrophyte_ecology","BedsBivalve_ecology","BedsRock_ecology","SeaGrassBeds_ecology","BedsOthers_ecology","CoralReefs_ecology","ReefExclusive_ecology","DropOffs_ecology","ReefFlats_ecology","Lagoons_ecology","Burrows_ecology","Tunnels_ecology","Crevices_ecology","Vents_ecology","Seamounts_ecology","DeepWaterCorals_ecology","Vegetation_ecology","Leaves_ecology","Stems_ecology","Roots_ecology","Driftwood_ecology","OInverterbrates_ecology","Verterbrates_ecology","Pilings_ecology","BoatHulls_ecology","Corals_ecology","SoftCorals_ecology","OnPolyp_ecology","BetweenPolyps_ecology","HardCorals_ecology","OnExoskeleton_ecology","InterstitialSpaces_ecology","SpecCode_estimate","MaxLengthTL_estimate","TLObserved_estimate","Troph_estimate","seTroph_estimate","TrophObserved_estimate","TrophPredicted_estimate","seTrophPredicted_estimate","a_estimate","sd_log10a_estimate","b_estimate","sd_b_estimate","Method_ab_estimate","prior_r_estimate","lcl_r_estimate","ucl_r_estimate","n_r_estimate","Comment_r_estimate","K_estimate","SD_logK_estimate","Linf_estimate","SD_logLinf_estimate","Winf_estimate","LengthType_estimate","ComDepthMin_estimate","ComDepthMax_estimate","ComDepMinObserved_estimate","ComDepMaxObserved_estimate","DepthMin_estimate","DepthMax_estimate","DepthMinEstimate_estimate","DepthMaxEstimate_estimate","PredPreyRatioMin_estimate","PredPreyRatioMax_estimate","AgeMin_estimate","AgeMax_estimate","TempPrefMin_estimate","TempPrefMean_estimate","TempPrefMax_estimate","nCells_estimate","LastModified_estimate","MaxLengthSL_estimate","KObserved_estimate","Estabwild_binary_mean","introductions_count","predator_mammals","predator_count","SpecCode_reproduction","autoctr_reproduction","StockCode_reproduction","ReproducRefNo_reproduction","ReproMode_reproduction","Fertilization_reproduction","MatingSystem_reproduction","MonogamyType_reproduction","MatingRefNo_reproduction","MatingQuality_reproduction","SpawnAgg_reproduction","SpawnAggRef_reproduction","Spawning_reproduction","BatchSpawner_reproduction","SpawnModRef_reproduction","RepGuild1_reproduction","RepGuild2_reproduction","ParentalCare_reproduction","ParentalCareQ_reproduction","ParentalCareRef_reproduction","RepAquarium_reproduction","RepAquaRef_reproduction","Entered_reproduction","DateEntered_reproduction","Modified_reproduction","DateModified_reproduction","Expert_reproduction","DateChecked_reproduction","AddInfos_reproduction","TS_reproduction"
"1","Acanthochromis polyacanthus",-120.65368,1.82651380856781,"Perciformes","Actinopterygii","Acanthochromis polyacanthus",NA,NA,NA,NA,NA,NA,NA,NA,NA,NA,NA,NA,NA,NA,NA,NA,NA,NA,NA,NA,NA,NA,NA,NA,NA,NA,NA,NA,NA,NA,NA,NA,NA,NA,NA,NA,NA,NA,NA,NA,NA,NA,NA,NA,NA,NA,NA,NA,NA,NA,NA,NA,NA,NA,NA,NA,NA,NA,NA,NA,NA,NA,NA,NA,NA,NA,NA,NA,NA,NA,NA,NA,NA,NA,NA,NA,NA,NA,NA,NA,NA,NA,NA,NA,NA,NA,NA,NA,NA,NA,NA,NA,NA,NA,NA,NA,NA,NA,NA,NA,NA,NA,NA,NA,NA,NA,NA,NA,NA,NA,NA,NA,NA,NA,NA,NA,NA,NA,NA,NA,NA,6655,14,0,2.69,0.3,0,NA,NA,0.0269153,0.126,3.04,0.0756,"LWR estimates for this species & (Sub)family-body",NA,NA,NA,NA,NA,1.05,NA,NA,NA,NA,NA,4,20,0,0,1,65,0,0,19.0468,798.435,NA,NA,25.1,27.8,28.9,458,2019-04-24,9.33,0,NA,1,0,1,6655,3674,6975,205,"dioecism","external","monogamy","obligate",52284,1,0,NA,NA,0,NA,"guarders","nesters","paternal",1,205,NA,NA,2,2005-08-01,2,2017-07-05 00:00:00,NA,NA,"Oviparous, distinct pairing during breeding (Ref. 205).   Monogamous mating is observed as both obligate and genetic (Ref. 52884). Eggs are demersal and adhere to the substrate (Ref. 205).  Males guard and aerate the eggs (Ref. 205). Does not have a juvenile bisexual phase and all males have the typical testicular morphology of gonochores (Ref. 103751).",NA
"2","Amblyraja radiata",-127.13681,2.58398078185578,"Rajiformes","Elasmobranchii","Amblyraja radiata",2.30153991741225,NA,NA,NA,NA,NA,NA,NA,NA,NA,NA,NA,NA,NA,NA,NA,NA,NA,NA,NA,NA,NA,NA,NA,NA,NA,NA,NA,NA,NA,NA,NA,NA,NA,NA,NA,NA,NA,NA,NA,NA,NA,NA,NA,NA,NA,NA,NA,NA,NA,NA,NA,NA,NA,NA,NA,NA,NA,NA,NA,NA,NA,NA,NA,NA,NA,NA,NA,NA,NA,NA,NA,NA,NA,NA,NA,NA,NA,NA,NA,NA,NA,NA,NA,NA,NA,NA,NA,NA,NA,NA,NA,NA,NA,NA,NA,NA,NA,NA,NA,NA,NA,NA,NA,NA,NA,NA,NA,NA,NA,NA,NA,NA,NA,NA,NA,NA,NA,NA,NA,NA,2565,105,0,4.2,0.268,0,NA,NA,0.0057544,0.0632,3.09,0.0421,"LWR estimates for this species",NA,NA,NA,NA,NA,0.11,NA,NA,NA,NA,NA,25,440,0,0,5,1540,0,0,3.41168,87.7814,3.49,28,-0.8,1,5,340,2019-04-24,86.1,0,NA,1,0,4,2565,1425,2761,3167,"dioecism","internal (oviduct)",NA,NA,NA,NA,0,NA,NA,0,NA,"nonguarders","open water/substratum egg scatterers","none",3,NA,NA,NA,113,1999-11-16,2,2017-07-18 00:00:00,NA,NA,"Distinct pairing with embrace. Oviparous, laying 10-45 egg cases each year (Ref. 44869, 41305). Eggs are oblong capsules with stiff pointed horns at the corners deposited in sandy or muddy flats (Ref. 205). Egg capsules are 3.4-8.9 cm long and 2.3-6.8 cm wide (Ref. 41250). Paired eggs are laid. Embryos feed solely on yolk (Ref. 50449). In the North Sea, fully formed individuals hatch after 4 months and pups are about 8-11 cm in length (Ref. 44869, 37969). In the Barents Sea, low water temperature may lengthen embryonic development time to 2.5-3 years (Ref. 44869). 
",NA
"3","Amphiprion ocellaris",-120.615436,2.45742292675884,"Perciformes","Actinopterygii","Amphiprion ocellaris",NA,NA,NA,NA,NA,NA,NA,NA,NA,NA,NA,NA,NA,NA,NA,NA,NA,NA,NA,NA,NA,NA,NA,NA,NA,NA,NA,NA,NA,NA,NA,NA,NA,NA,NA,NA,NA,NA,NA,NA,NA,NA,NA,NA,NA,NA,NA,NA,NA,NA,NA,NA,NA,NA,NA,NA,NA,NA,NA,NA,NA,NA,NA,NA,NA,NA,NA,NA,NA,NA,NA,NA,NA,NA,NA,NA,NA,NA,NA,NA,NA,NA,NA,NA,NA,NA,NA,NA,NA,NA,NA,NA,NA,NA,NA,NA,NA,NA,NA,NA,NA,NA,NA,NA,NA,NA,NA,NA,NA,NA,NA,NA,NA,NA,NA,NA,NA,NA,NA,NA,NA,6509,11,0,3.11,0.36,0,NA,NA,NA,NA,NA,NA,NA,NA,NA,NA,NA,NA,0.68,NA,NA,NA,NA,NA,3,15,0,0,1,15,0,0,12.1976,466.464,NA,NA,26.2,28.7,29.3,1746,2019-04-24,8.01,0,NA,1,NA,1,6509,3597,6830,32167,"protandry","external","monogamy",NA,32167,1,0,NA,NA,0,NA,"guarders","nesters","paternal",1,205,NA,NA,22,2000-02-17,2448,2018-08-03 00:00:00,NA,NA,"Benthic spawner.  Length at sex change = 4.4 cm TL (Ref. 55367).  Oviparous, distinct pairing during breeding (Ref. 205).  Eggs are demersal and adhere to the substrate (Ref. 205).  Males guard and aerate the eggs (Ref. 205).  Also Refs. 240, 7471, 118437.",NA
"4","Anabas testudineus",-148.27299,4.76363182793455,"Perciformes","Actinopterygii","Anabas testudineus",NA,NA,NA,NA,NA,NA,NA,NA,NA,NA,NA,NA,NA,NA,NA,NA,NA,NA,NA,NA,NA,NA,NA,NA,NA,NA,NA,NA,NA,NA,NA,NA,NA,NA,NA,NA,NA,NA,NA,NA,NA,NA,NA,NA,NA,NA,NA,NA,NA,NA,NA,NA,NA,NA,NA,NA,NA,NA,NA,NA,NA,NA,NA,NA,NA,NA,NA,NA,NA,NA,NA,NA,NA,NA,NA,NA,NA,NA,NA,NA,NA,NA,NA,NA,NA,NA,NA,NA,NA,NA,NA,NA,NA,NA,NA,NA,NA,NA,NA,NA,NA,NA,NA,NA,NA,NA,NA,NA,NA,NA,NA,NA,NA,NA,NA,NA,NA,NA,NA,NA,NA,495,25,0,2.98,0.37,0,NA,NA,0.0275423,0.0737,2.93,0.047,"LWR estimates for this species",NA,NA,NA,NA,NA,1.4,NA,NA,NA,159.06,NA,NA,NA,0,0,0,NA,0,0,8.68631,290.342,0.238615,0.375872,NA,NA,NA,NA,2019-04-24,19.98,0,0.8,6,0,2,495,319,511,7471,"dioecism","external",NA,NA,NA,NA,0,NA,"one clear seasonal peak per year",0,NA,"guarders","clutch tenders",NA,NA,NA,"High",7020,10,1994-09-16,2,2006-08-04 00:00:00,10,1996-03-16 00:00:00,"Guards eggs at the surface of hypoxic waters (Ref. 7471).",NA
"5","Anarrhichthys ocellatus",-135.73343,1.86821664937448,"Perciformes","Actinopterygii","Anarrhichthys ocellatus",NA,NA,NA,NA,NA,NA,NA,NA,NA,NA,NA,NA,NA,NA,NA,NA,NA,NA,NA,NA,NA,NA,NA,NA,NA,NA,NA,NA,NA,NA,NA,NA,NA,NA,NA,NA,NA,NA,NA,NA,NA,NA,NA,NA,NA,NA,NA,NA,NA,NA,NA,NA,NA,NA,NA,NA,NA,NA,NA,NA,NA,NA,NA,NA,NA,NA,NA,NA,NA,NA,NA,NA,NA,NA,NA,NA,NA,NA,NA,NA,NA,NA,NA,NA,NA,NA,NA,NA,NA,NA,NA,NA,NA,NA,NA,NA,NA,NA,NA,NA,NA,NA,NA,NA,NA,NA,NA,NA,NA,NA,NA,NA,NA,NA,NA,NA,NA,NA,NA,NA,NA,3813,240,0,3.51,0.53,0,NA,NA,0.00398107,0.178,3.17,0.102,"LWR estimates for this (Sub)family-body shape",NA,NA,NA,NA,NA,0.06,NA,NA,NA,NA,NA,26,107,0,0,1,226,0,0,3.83502,93.8981,NA,NA,1.2,4.7,10.5,485,2019-04-24,196.8,0,NA,1,NA,1,3813,2055,4009,28499,"dioecism","external","monogamy",NA,28499,1,0,NA,NA,0,NA,"guarders","clutch tenders","biparental",1,58332,NA,NA,10,1994-07-27,2,2007-05-23 00:00:00,10,1996-03-16 00:00:00,"When courting, the male wolf-eel butts his head against the female's abdomen, wraps around her, and fertilizes her eggs as she extrudes them. Eggs are laid and both male and female wrap themselves around the egg mass to protect it . Only one parent at a time leaves the eggs to feed. The female periodically rotates the eggs until they hatch. A male and female may pair for life (Ref. 28499).",NA
"6","Archocentrus centrarchus",-140.53076,2.26112490548891,"Perciformes","Actinopterygii","Archocentrus centrarchus",NA,NA,NA,NA,NA,NA,NA,NA,NA,NA,NA,NA,NA,NA,NA,NA,NA,NA,NA,NA,NA,NA,NA,NA,NA,NA,NA,NA,NA,NA,NA,NA,NA,NA,NA,NA,NA,NA,NA,NA,NA,NA,NA,NA,NA,NA,NA,NA,NA,NA,NA,NA,NA,NA,NA,NA,NA,NA,NA,NA,NA,NA,NA,NA,NA,NA,NA,NA,NA,NA,NA,NA,NA,NA,NA,NA,NA,NA,NA,NA,NA,NA,NA,NA,NA,NA,NA,NA,NA,NA,NA,NA,NA,NA,NA,NA,NA,NA,NA,NA,NA,NA,NA,NA,NA,NA,NA,NA,NA,NA,NA,NA,NA,NA,NA,NA,NA,NA,NA,NA,NA,26765,11,0,2.64,0.28,0,NA,NA,0.0194984,0.181,3.07,0.0983,"LWR estimates for this (Sub)family-body shape",NA,NA,NA,NA,NA,1.08,NA,NA,NA,NA,NA,NA,NA,0,0,NA,NA,0,0,23.0273,954.536,NA,NA,NA,NA,NA,NA,2019-04-24,9.02,0,NA,1,NA,1,26765,7594,20930,205,"dioecism","external",NA,NA,NA,NA,0,NA,NA,0,NA,NA,NA,NA,NA,NA,NA,NA,2,2008-04-29,NA,2008-04-29 00:00:00,NA,NA,NA,NA
"7","Astatotilapia burtoni",-139.65911,4.72172943915209,"Perciformes","Actinopterygii","Haplochromis burtoni",NA,NA,NA,NA,NA,NA,NA,NA,NA,NA,NA,NA,NA,NA,NA,NA,NA,NA,NA,NA,NA,NA,NA,NA,NA,NA,NA,NA,NA,NA,NA,NA,NA,NA,NA,NA,NA,NA,NA,NA,NA,NA,NA,NA,NA,NA,NA,NA,NA,NA,NA,NA,NA,NA,NA,NA,NA,NA,NA,NA,NA,NA,NA,NA,NA,NA,NA,NA,NA,NA,NA,NA,NA,NA,NA,NA,NA,NA,NA,NA,NA,NA,NA,NA,NA,NA,NA,NA,NA,NA,NA,NA,NA,NA,NA,NA,NA,NA,NA,NA,NA,NA,NA,NA,NA,NA,NA,NA,NA,NA,NA,NA,NA,NA,NA,NA,NA,NA,NA,NA,NA,6704,18.3,0,3.05,0.35,0,NA,NA,0.0151356,0.17,2.97,0.0876,"LWR estimates for this (Sub)family-body shape",NA,NA,NA,NA,NA,0.68,NA,NA,NA,NA,NA,NA,NA,0,0,NA,NA,0,0,8.31399,234.347,NA,NA,NA,NA,NA,NA,2019-04-24,15,0,NA,1,NA,1,6704,3711,7025,2059,"dioecism","external",NA,NA,NA,NA,0,NA,NA,0,NA,"bearers","external brooders",NA,NA,NA,NA,NA,1,1998-04-02,NA,1998-04-02 00:00:00,NA,NA,"Mouthbrooding by females.",NA
"8","Astatotilapia calliptera",-167.815499,4.64819251602277,"Perciformes","Actinopterygii","Astatotilapia calliptera",NA,NA,NA,NA,NA,NA,NA,NA,NA,NA,NA,NA,NA,NA,NA,NA,NA,NA,NA,NA,NA,NA,NA,NA,NA,NA,NA,NA,NA,NA,NA,NA,NA,NA,NA,NA,NA,NA,NA,NA,NA,NA,NA,NA,NA,NA,NA,NA,NA,NA,NA,NA,NA,NA,NA,NA,NA,NA,NA,NA,NA,NA,NA,NA,NA,NA,NA,NA,NA,NA,NA,NA,NA,NA,NA,NA,NA,NA,NA,NA,NA,NA,NA,NA,NA,NA,NA,NA,NA,NA,NA,NA,NA,NA,NA,NA,NA,NA,NA,NA,NA,NA,NA,NA,NA,NA,NA,NA,NA,NA,NA,NA,NA,NA,NA,NA,NA,NA,NA,NA,NA,6707,18.3,0,3.04,0.41,0,NA,NA,0.0151356,0.17,2.97,0.0876,"LWR estimates for this (Sub)family-body shape",NA,NA,NA,NA,NA,0.68,NA,NA,NA,NA,NA,NA,NA,0,0,NA,NA,0,0,8.38505,241.338,NA,NA,NA,NA,NA,NA,2019-04-24,15,0,NA,1,NA,1,6707,3714,7028,6307,"dioecism","external",NA,NA,NA,NA,0,NA,NA,-1,6307,"bearers","external brooders","maternal",1,6307,NA,NA,10,1993-11-18,2,2008-05-28 00:00:00,NA,NA,"Female lays batches of eggs on a substratum which the male begins to inseminate. Female collects the eggs almost immediately after laying a batch and incubates eggs in her mouth for 12-14 days at 26<b0>C, releasing the young after which. Parent guards the young for 5-7 days, keeping them into her mouth when approached by predators or divers.",NA
"9","Astyanax mexicanus",-143.16457,4.12131946240792,"Characiformes","Actinopterygii","Astyanax mexicanus",NA,NA,NA,NA,NA,NA,NA,NA,NA,NA,NA,NA,NA,NA,NA,NA,NA,NA,NA,NA,NA,NA,NA,NA,NA,NA,NA,NA,NA,NA,NA,NA,NA,NA,NA,NA,NA,NA,NA,NA,NA,NA,NA,NA,NA,NA,NA,NA,NA,NA,NA,NA,NA,NA,NA,NA,NA,NA,NA,NA,NA,NA,NA,NA,NA,NA,NA,NA,NA,NA,NA,NA,NA,NA,NA,NA,NA,NA,NA,NA,NA,NA,NA,NA,NA,NA,NA,NA,NA,NA,NA,NA,NA,NA,NA,NA,NA,NA,NA,NA,NA,NA,NA,NA,NA,NA,NA,NA,NA,NA,NA,NA,NA,NA,NA,NA,NA,NA,NA,NA,NA,2740,12,0,3.23,0.38,0,NA,NA,0.00977237,0.108,2.99,0.07,"LWR estimates for this species & Genus-body shape",NA,NA,NA,NA,NA,NA,NA,NA,NA,NA,NA,NA,NA,0,0,NA,NA,0,0,6.81185,625.442,NA,NA,NA,NA,NA,NA,2019-04-24,9.84,0,NA,1,NA,1,2740,1522,2936,7471,"dioecism","external",NA,NA,NA,NA,0,NA,NA,0,NA,"nonguarders","brood hiders",NA,NA,NA,"Medium",7020,10,1994-09-16,97,2006-08-04 00:00:00,10,1996-03-16 00:00:00,"Hides eggs in crevices.",NA
"10","Austrofundulus limnaeus",-144.39074,3.39580806622911,"Cyprinodontiformes","Actinopterygii","Austrofundulus limnaeus",NA,NA,NA,NA,NA,NA,NA,NA,NA,NA,NA,NA,NA,NA,NA,NA,NA,NA,NA,NA,NA,NA,NA,NA,NA,NA,NA,NA,NA,NA,NA,NA,NA,NA,NA,NA,NA,NA,NA,NA,NA,NA,NA,NA,NA,NA,NA,NA,NA,NA,NA,NA,NA,NA,NA,NA,NA,NA,NA,NA,NA,NA,NA,NA,NA,NA,NA,NA,NA,NA,NA,NA,NA,NA,NA,NA,NA,NA,NA,NA,NA,NA,NA,NA,NA,NA,NA,NA,NA,NA,NA,NA,NA,NA,NA,NA,NA,NA,NA,NA,NA,NA,NA,NA,NA,NA,NA,NA,NA,NA,NA,NA,NA,NA,NA,NA,NA,NA,NA,NA,NA,49484,8,0,3.23,0.39,0,NA,NA,0.00891251,0.18,3.14,0.101,"LWR estimates for this (Sub)family-body shape",NA,NA,NA,NA,NA,2.42,NA,NA,NA,NA,NA,NA,NA,0,0,NA,NA,0,0,6.81185,625.442,NA,NA,NA,NA,NA,NA,2019-04-24,6.56,0,NA,1,NA,1,49484,8395,41411,2060,"dioecism","external",NA,NA,NA,NA,0,NA,NA,0,NA,"nonguarders","open water/substratum egg scatterers","none",3,NA,NA,NA,1057,2003-06-23,2,2017-07-18 00:00:00,NA,NA,"Annual fish.",NA
"11","Betta splendens",-152.391588,3.86520200446037,"Perciformes","Actinopterygii","Betta splendens",NA,NA,NA,NA,NA,NA,NA,NA,NA,NA,NA,NA,NA,NA,NA,NA,NA,NA,NA,NA,NA,NA,NA,NA,NA,NA,NA,NA,NA,NA,NA,NA,NA,NA,NA,NA,NA,NA,NA,NA,NA,NA,NA,NA,NA,NA,NA,NA,NA,NA,NA,NA,NA,NA,NA,NA,NA,NA,NA,NA,NA,NA,NA,NA,NA,NA,NA,NA,NA,NA,NA,NA,NA,NA,NA,NA,NA,NA,NA,NA,NA,NA,NA,NA,NA,NA,NA,NA,NA,NA,NA,NA,NA,NA,NA,NA,NA,NA,NA,NA,NA,NA,NA,NA,NA,NA,NA,NA,NA,NA,NA,NA,NA,NA,NA,NA,NA,NA,NA,NA,NA,4768,6.5,0,3.25,0.412,0,NA,NA,0.0112202,0.173,3.04,0.0857,"all LWR estimates for this body shape",NA,NA,NA,NA,NA,1.93,NA,NA,NA,NA,NA,NA,NA,0,0,NA,NA,0,0,8.25309,143.505,NA,NA,NA,NA,NA,NA,2019-04-24,5.33,0,0.857142857142857,10,NA,1,4768,2406,4992,1672,"dioecism","external",NA,NA,NA,NA,0,NA,NA,0,NA,"guarders","nesters","paternal",1,1672,"Medium",7020,339,1998-08-20,2,2014-11-07 00:00:00,NA,NA,"Builds bubble-nest which is guarded by male.",NA
"12","Boleophthalmus pectinirostris",-124.717916,4.20661224942933,"Perciformes","Actinopterygii","Boleophthalmus pectinirostris",1.02272395222075,NA,NA,NA,NA,NA,NA,NA,NA,NA,NA,NA,NA,NA,NA,NA,NA,NA,NA,NA,NA,NA,NA,NA,NA,NA,NA,NA,NA,NA,NA,NA,NA,NA,NA,NA,NA,NA,NA,NA,NA,NA,NA,NA,NA,NA,NA,NA,NA,NA,NA,NA,NA,NA,NA,NA,NA,NA,NA,NA,NA,NA,NA,NA,NA,NA,NA,NA,NA,NA,NA,NA,NA,NA,NA,NA,NA,NA,NA,NA,NA,NA,NA,NA,NA,NA,NA,NA,NA,NA,NA,NA,NA,NA,NA,NA,NA,NA,NA,NA,NA,NA,NA,NA,NA,NA,NA,NA,NA,NA,NA,NA,NA,NA,NA,NA,NA,NA,NA,NA,NA,15864,20,0,2,0,0,NA,NA,0.00891251,0.115,2.97,0.0743,"LWR estimates for this species & (Sub)family-body",NA,NA,NA,NA,NA,1.22,NA,NA,NA,NA,NA,NA,NA,0,0,0,NA,0,0,137.057,7174.06,0.0741043,4,NA,NA,NA,NA,2019-04-24,16.4,0,NA,1,NA,1,15864,NA,NA,NA,NA,NA,NA,NA,NA,NA,NA,NA,NA,NA,NA,NA,NA,NA,NA,NA,NA,NA,NA,NA,NA,NA,NA,NA,NA,NA
"13","Callorhinchus milii",-108.549528,1.6988592984235,"Chimaeriformes","Holocephali","Callorhinchus milii",1.09473684210526,NA,NA,NA,NA,NA,NA,NA,NA,NA,NA,NA,NA,NA,NA,NA,NA,NA,NA,NA,NA,NA,NA,NA,NA,NA,NA,NA,NA,NA,NA,NA,NA,NA,NA,NA,NA,NA,NA,NA,NA,NA,NA,NA,NA,NA,NA,NA,NA,NA,NA,NA,NA,NA,NA,NA,NA,NA,NA,NA,NA,NA,NA,NA,NA,NA,NA,NA,NA,NA,NA,NA,NA,NA,NA,NA,NA,NA,NA,NA,NA,NA,NA,NA,NA,NA,NA,NA,NA,NA,NA,NA,NA,NA,NA,NA,NA,NA,NA,NA,NA,NA,NA,NA,NA,NA,NA,NA,NA,NA,NA,NA,NA,NA,NA,NA,NA,NA,NA,NA,NA,4722,125,0,3.6,0.29,0,NA,NA,0.00501187,0.198,3.12,0.112,"LWR estimates for this species & (Sub)family-body",NA,NA,NA,NA,NA,0.17,NA,NA,NA,38226,NA,25,107,0,0,0,227,0,0,3.6042,176.826,1.47402,12.9473,12.1,15.2,18.2,179,2019-04-24,102.5,0,NA,1,NA,1,4722,2376,4944,205,"dioecism","internal (oviduct)",NA,NA,NA,NA,0,NA,"one clear seasonal peak per year",0,NA,"nonguarders","open water/substratum egg scatterers","none",3,NA,NA,NA,113,1998-06-11,2,2017-07-19 00:00:00,NA,NA,"Migrates into large estuaries and inshore bays in the spring to breed (Ref. 6871). Oviparous, two egg cases (Ref. 26346) are laid on sandy or muddy bottoms and take up to 8 months to hatch (Ref. 6871).  Embryos feed solely on yolk (Ref. 50449).Young hatch at about 15 cm (Ref. 26346).",NA
"14","Carassius auratus",-125.192651,0.756859301183369,"Cypriniformes","Actinopterygii","Carassius auratus",11.3219746382307,NA,NA,NA,NA,NA,NA,NA,NA,NA,NA,NA,NA,NA,NA,NA,NA,NA,NA,NA,NA,NA,NA,NA,NA,NA,NA,NA,NA,NA,NA,NA,NA,NA,NA,NA,NA,NA,NA,NA,NA,NA,NA,NA,NA,NA,NA,NA,NA,NA,NA,NA,NA,NA,NA,NA,NA,NA,NA,NA,NA,NA,NA,NA,NA,NA,NA,NA,NA,NA,NA,NA,NA,NA,NA,NA,NA,NA,NA,NA,NA,NA,NA,NA,NA,NA,NA,NA,NA,NA,NA,NA,NA,NA,NA,NA,NA,NA,NA,NA,NA,NA,NA,NA,NA,NA,NA,NA,NA,NA,NA,NA,NA,NA,NA,NA,NA,NA,NA,NA,NA,271,48,0,2.78,0.14,0,NA,NA,0.0144544,0.0355,2.99,0.0187,"LWR estimates for this species",NA,NA,NA,NA,NA,0.17,NA,NA,NA,888,NA,2,11,0,0,0,20,0,0,13.2488,2574.82,0.5,41,NA,NA,NA,NA,2019-04-24,36.34,0,0.9625,88,0,5,271,198,285,4639,"dioecism","external","promiscuity",NA,88808,1,0,NA,"one clear seasonal peak per year",0,39180,"nonguarders","open water/substratum egg scatterers","none",1,88808,NA,NA,18,1993-11-12,2,2011-12-05 00:00:00,NA,NA,"Cold water temperatures during the winter months are necessary for proper ova development (Ref. 44091). Spawning takes place in shallow water among weeds, often where willow roots grow exposed in water (Ref. 39171), also meadows inundated by spring flood (Ref. 39176). Spawning activity begin just before dawn (Ref. 39168), to midafternoon (Ref. 39177). Individual fish spawn 3-10 lots of eggs at intervals of 8-10 days (Ref. 39180). Juveniles need high temperature to grow. Eggs are sticky, attached to water plants or submerged objects (Ref. 59043). Females spawn multiple times during the spawning period (Ref. 88808).",NA
"15","Chanos chanos",-141.01026,3.75244339218536,"Gonorynchiformes","Actinopterygii","Chanos chanos",NA,NA,NA,NA,NA,NA,NA,NA,NA,NA,NA,NA,NA,NA,NA,NA,NA,NA,NA,NA,NA,NA,NA,NA,NA,NA,NA,NA,NA,NA,NA,NA,NA,NA,NA,NA,NA,NA,NA,NA,NA,NA,NA,NA,NA,NA,NA,NA,NA,NA,NA,NA,NA,NA,NA,NA,NA,NA,NA,NA,NA,NA,NA,NA,NA,NA,NA,NA,NA,NA,NA,NA,NA,NA,NA,NA,NA,NA,NA,NA,NA,NA,NA,NA,NA,NA,NA,NA,NA,NA,NA,NA,NA,NA,NA,NA,NA,NA,NA,NA,NA,NA,NA,NA,NA,NA,NA,NA,NA,NA,NA,NA,NA,NA,NA,NA,NA,NA,NA,NA,NA,80,219.6,0,2.4,0.2,0,NA,NA,0.00851138,0.0592,3.06,0.04,"LWR estimates for this species",0.282239,0.16345,0.487361,3,"Based on 3 stock assessments.",NA,NA,NA,NA,NA,NA,4,15,0,0,1,30,0,0,29.301,3977.68,2.90625,15,20.7,28.2,29.2,4182,2019-04-24,180,0,0.25,5,0,21,80,67,95,49,"dioecism","external","polyandry",NA,205,1,0,NA,"one clear seasonal peak per year",-1,205,"nonguarders","open water/substratum egg scatterers","none",3,NA,NA,NA,2,1990-10-19,2,2017-07-19 00:00:00,10,1995-09-19 00:00:00,"Spawns in clear shallow waters above a bottom of sand or coral and at a distance of not more than 30 km from the shore. Females spawn up to 5 million eggs which hatch in about 24 hr. The larvae seek out clear coastal and estuarine waters warmer than 23<b0>C with 10-32 salinity and abundant phytoplankton. Spawning and fertilization take place at night.",NA
"16","Clupea harengus",-129.0867,3.48828592705485,"Clupeiformes","Actinopterygii","Clupea harengus",2.23504083735533,NA,NA,NA,NA,NA,NA,NA,NA,NA,NA,NA,NA,NA,NA,NA,NA,NA,NA,NA,NA,NA,NA,NA,NA,NA,NA,NA,NA,NA,NA,NA,NA,NA,NA,NA,NA,NA,NA,NA,NA,NA,NA,NA,NA,NA,NA,NA,NA,NA,NA,NA,NA,NA,NA,NA,NA,NA,NA,NA,NA,NA,NA,NA,NA,NA,NA,NA,NA,NA,NA,NA,NA,NA,NA,NA,NA,NA,NA,NA,NA,NA,NA,NA,NA,NA,NA,NA,NA,NA,NA,NA,NA,NA,NA,NA,NA,NA,NA,NA,NA,NA,NA,NA,NA,NA,NA,NA,NA,NA,NA,NA,NA,NA,NA,NA,NA,NA,NA,NA,NA,24,54.9,0,3.38,0.128,0,NA,NA,0.00562341,0.0298,3.09,0.0213,"LWR estimates for this species",0.454478,0.299955,0.681717,40,"Based on 40 stock assessments.",0.33,NA,NA,NA,199.825,NA,0,200,0,0,0,364,0,0,7.56272,951.017,1.47846,25,0.5,6.6,11.2,912,2019-04-24,45,0,NA,1,4,48,24,16,32,173,"dioecism","external",NA,NA,NA,NA,0,NA,"no obvious seasonal peak",0,NA,"nonguarders","open water/substratum egg scatterers","none",3,NA,NA,NA,2,1990-10-19,2,2017-07-19 00:00:00,10,1995-03-24 00:00:00,"The herring matures between 2-9 years (Refs. 35388, 82767, 89571). Herring populations are known to use traditional spawning grounds, many of which are along shallow coastal areas (15-40 m depth) or on offshore banks down to 200 m (Refs. 6684, 89572). Spawning usually occurs on gravel or rock bottoms, with the exception of Baltic populations which show a preference for shallow (less than 10 m depth) seaweed beds (Refs. 89520, 89572). Each population spawns only once a year over a relatively short time period (Ref. 89573). At least one population is spawning in any one month of the year, each having a different spawning time and place. The herring is a demersal spawner that releases a ribbon of sticky eggs that sink to the sea bed (Ref. 89574) and adhere to the substrate. The eggs released by a spawning population may be several layers thick which may deprive eggs in the bottom layers of oxygen, causing egg mortality (Ref. 89563). Although higher fecundities were reported earlier (e.g. Ref. 74523), fecundity now ranges from 10,000-60,000 eggs (Ref. 89571). Hatching may take up to 3 weeks, depending on temperature (Ref. 89571). Larvae are pelagic and drift with the current. Note: it is impossible to summarize briefly the wide range of spawning strategies of Atlantic herring; the best reviews are those of Svetovidov (Refs. 4608, 4609) for the Eastern Atlantic Ocean and Hildebrand (Ref. 4607) for the Western Atlantic Ocean.",NA
"17","Cottoperca gobio",-141.0667,1.56540925426335,"Perciformes","Actinopterygii","Cottoperca gobio",NA,NA,NA,NA,NA,NA,NA,NA,NA,NA,NA,NA,NA,NA,NA,NA,NA,NA,NA,NA,NA,NA,NA,NA,NA,NA,NA,NA,NA,NA,NA,NA,NA,NA,NA,NA,NA,NA,NA,NA,NA,NA,NA,NA,NA,NA,NA,NA,NA,NA,NA,NA,NA,NA,NA,NA,NA,NA,NA,NA,NA,NA,NA,NA,NA,NA,NA,NA,NA,NA,NA,NA,NA,NA,NA,NA,NA,NA,NA,NA,NA,NA,NA,NA,NA,NA,NA,NA,NA,NA,NA,NA,NA,NA,NA,NA,NA,NA,NA,NA,NA,NA,NA,NA,NA,NA,NA,NA,NA,NA,NA,NA,NA,NA,NA,NA,NA,NA,NA,NA,NA,51212,80,0,4.26,0.73,0,NA,NA,0.0112202,0.173,3.04,0.0857,"all LWR estimates for this body shape",NA,NA,NA,NA,NA,NA,NA,NA,NA,NA,NA,1,8,0,0,0,15,0,0,5.41986,41.6601,NA,NA,6.8,9,13.7,281,2019-04-24,65.6,0,NA,1,0,5,51212,NA,NA,NA,NA,NA,NA,NA,NA,NA,NA,NA,NA,NA,NA,NA,NA,NA,NA,NA,NA,NA,NA,NA,NA,NA,NA,NA,NA,NA
"18","Cynoglossus semilaevis",-139.79225,5.43861398831438,"Pleuronectiformes","Actinopterygii","Cynoglossus semilaevis",NA,NA,NA,NA,NA,NA,NA,NA,NA,NA,NA,NA,NA,NA,NA,NA,NA,NA,NA,NA,NA,NA,NA,NA,NA,NA,NA,NA,NA,NA,NA,NA,NA,NA,NA,NA,NA,NA,NA,NA,NA,NA,NA,NA,NA,NA,NA,NA,NA,NA,NA,NA,NA,NA,NA,NA,NA,NA,NA,NA,NA,NA,NA,NA,NA,NA,NA,NA,NA,NA,NA,NA,NA,NA,NA,NA,NA,NA,NA,NA,NA,NA,NA,NA,NA,NA,NA,NA,NA,NA,NA,NA,NA,NA,NA,NA,NA,NA,NA,NA,NA,NA,NA,NA,NA,NA,NA,NA,NA,NA,NA,NA,NA,NA,NA,NA,NA,NA,NA,NA,NA,17172,61.1,0,3.74,0.59,0,NA,NA,0.00776247,0.12,2.93,0.0801,"LWR estimates for this species & (Sub)family-body",NA,NA,NA,NA,NA,0.24,NA,NA,NA,NA,NA,NA,NA,0,0,NA,NA,0,0,4.73668,124.386,NA,NA,NA,NA,NA,NA,2019-04-24,57.42,0,NA,1,NA,1,17172,6769,15473,205,"dioecism","external",NA,NA,NA,NA,0,NA,NA,0,NA,"nonguarders",NA,"none",1,205,NA,NA,2,2011-07-04,NA,2011-07-04 00:00:00,NA,NA,NA,NA
"19","Cyprinodon variegatus",-142.10974,2.13818186275682,"Cyprinodontiformes","Actinopterygii","Cyprinodon variegatus",NA,NA,NA,NA,NA,NA,NA,NA,NA,NA,NA,NA,NA,NA,NA,NA,NA,NA,NA,NA,NA,NA,NA,NA,NA,NA,NA,NA,NA,NA,NA,NA,NA,NA,NA,NA,NA,NA,NA,NA,NA,NA,NA,NA,NA,NA,NA,NA,NA,NA,NA,NA,NA,NA,NA,NA,NA,NA,NA,NA,NA,NA,NA,NA,NA,NA,NA,NA,NA,NA,NA,NA,NA,NA,NA,NA,NA,NA,NA,NA,NA,NA,NA,NA,NA,NA,NA,NA,NA,NA,NA,NA,NA,NA,NA,NA,NA,NA,NA,NA,NA,NA,NA,NA,NA,NA,NA,NA,NA,NA,NA,NA,NA,NA,NA,NA,NA,NA,NA,NA,NA,3181,9,0,2.9,0.35,0,NA,NA,0.0213796,0.216,3.06,0.118,"LWR estimates for this (Sub)family-body shape",NA,NA,NA,NA,NA,0.73,NA,NA,NA,NA,NA,4,16,0,0,1,30,0,0,10.6278,1856.19,NA,NA,15.4,26.7,27.7,572,2019-04-24,7.32,0,0,1,0,2,3181,1691,3377,39467,"dioecism","external",NA,NA,NA,NA,0,NA,NA,-1,38947,"nonguarders","open water/substratum egg scatterers","none",1,205,NA,NA,2,2001-12-07,2,2011-07-07 00:00:00,NA,NA,NA,NA
"20","Danio rerio",-135.488978,4.18059289276533,"Cypriniformes","Actinopterygii","Danio rerio",NA,NA,NA,NA,NA,NA,NA,NA,NA,NA,NA,NA,NA,NA,NA,NA,NA,NA,NA,NA,NA,NA,NA,NA,NA,NA,NA,NA,NA,NA,NA,NA,NA,NA,NA,NA,NA,NA,NA,NA,NA,NA,NA,NA,NA,NA,NA,NA,NA,NA,NA,NA,NA,NA,NA,NA,NA,NA,NA,NA,NA,NA,NA,NA,NA,NA,NA,NA,NA,NA,NA,NA,NA,NA,NA,NA,NA,NA,NA,NA,NA,NA,NA,NA,NA,NA,NA,NA,NA,NA,NA,NA,NA,NA,NA,NA,NA,NA,NA,NA,NA,NA,NA,NA,NA,NA,NA,NA,NA,NA,NA,NA,NA,NA,NA,NA,NA,NA,NA,NA,NA,4653,4.64,0,3.11,0.064,0,NA,NA,0.00707946,0.177,3.06,0.0931,"LWR estimates for this (Sub)family-body shape",NA,NA,NA,NA,NA,1.2,NA,NA,NA,1.93,NA,NA,NA,0,0,NA,NA,0,0,7.78954,911.879,0.205,5.5,NA,NA,NA,NA,2019-04-24,3.8,0,1,9,NA,1,4653,2322,4841,1672,"dioecism","external","polyandry",NA,58931,2,0,NA,"throughout the year, but peaking once",0,205,"nonguarders","open water/substratum egg scatterers","none",2,NA,"High",7020,339,1998-06-03,2,2007-09-25 00:00:00,2,2007-09-20 00:00:00,"Breed all year round (Ref. 58931).  From Johnson (1932), 'a female never extrudes eggs during active courtship until the genital organ comes in contact with that of the male, whereupon a small stream of eggs is ejected' (Ref. 205). Violent dashing and chasing characterise courtship finally culminating in eggs being shed a few at a time, settling freely without adhering to the bottom surface (Ref. 205).",NA
"21","Denticeps clupeoides",-144.464003,3.83181703258403,"Clupeiformes","Actinopterygii","Denticeps clupeoides",NA,NA,NA,NA,NA,NA,NA,NA,NA,NA,NA,NA,NA,NA,NA,NA,NA,NA,NA,NA,NA,NA,NA,NA,NA,NA,NA,NA,NA,NA,NA,NA,NA,NA,NA,NA,NA,NA,NA,NA,NA,NA,NA,NA,NA,NA,NA,NA,NA,NA,NA,NA,NA,NA,NA,NA,NA,NA,NA,NA,NA,NA,NA,NA,NA,NA,NA,NA,NA,NA,NA,NA,NA,NA,NA,NA,NA,NA,NA,NA,NA,NA,NA,NA,NA,NA,NA,NA,NA,NA,NA,NA,NA,NA,NA,NA,NA,NA,NA,NA,NA,NA,NA,NA,NA,NA,NA,NA,NA,NA,NA,NA,NA,NA,NA,NA,NA,NA,NA,NA,NA,4527,15,0,3.26,0.42,0,NA,NA,NA,NA,NA,NA,NA,NA,NA,NA,NA,NA,NA,NA,NA,NA,NA,NA,NA,NA,0,0,NA,NA,0,0,9.21733,1174.14,NA,NA,NA,NA,NA,NA,2019-04-24,12.3,0,NA,1,NA,1,4527,2537,5268,85170,"dioecism","external",NA,NA,NA,NA,0,NA,"one clear seasonal peak per year",0,85170,"nonguarders",NA,NA,NA,NA,NA,NA,2,2004-04-23,2,2010-10-01 00:00:00,NA,NA,NA,NA
"22","Echeneis naucrates",-140.94694,3.05767363755156,"Perciformes","Actinopterygii","Echeneis naucrates",0.933920784883721,NA,NA,NA,NA,NA,NA,NA,NA,NA,NA,NA,NA,NA,NA,NA,NA,NA,NA,NA,NA,NA,NA,NA,NA,NA,NA,NA,NA,NA,NA,NA,NA,NA,NA,NA,NA,NA,NA,NA,NA,NA,NA,NA,NA,NA,NA,NA,NA,NA,NA,NA,NA,NA,NA,NA,NA,NA,NA,NA,NA,NA,NA,NA,NA,NA,NA,NA,NA,NA,NA,NA,NA,NA,NA,NA,NA,NA,NA,NA,NA,NA,NA,NA,NA,NA,NA,NA,NA,NA,NA,NA,NA,NA,NA,NA,NA,NA,NA,NA,NA,NA,NA,NA,NA,NA,NA,NA,NA,NA,NA,NA,NA,NA,NA,NA,NA,NA,NA,NA,NA,2467,110,0,3.68,0.255,0,NA,NA,0.00165959,0.131,3.15,0.0872,"LWR estimates for this species & (Sub)family-body",NA,NA,NA,NA,NA,NA,NA,NA,NA,NA,NA,9,43,0,0,1,85,0,0,4.67361,75.2205,NA,NA,18.3,27.2,28.6,566,2019-04-24,95.55,0,NA,1,NA,1,2467,1356,2661,205,"dioecism","external",NA,NA,NA,NA,0,NA,NA,0,NA,"nonguarders",NA,"none",1,205,NA,NA,2,2011-07-05,NA,2011-07-05 00:00:00,NA,NA,NA,NA
"23","Electrophorus electricus",-129.18118,1.95747144199404,"Gymnotiformes","Actinopterygii","Electrophorus electricus",NA,NA,NA,NA,NA,NA,NA,NA,NA,NA,NA,NA,NA,NA,NA,NA,NA,NA,NA,NA,NA,NA,NA,NA,NA,NA,NA,NA,NA,NA,NA,NA,NA,NA,NA,NA,NA,NA,NA,NA,NA,NA,NA,NA,NA,NA,NA,NA,NA,NA,NA,NA,NA,NA,NA,NA,NA,NA,NA,NA,NA,NA,NA,NA,NA,NA,NA,NA,NA,NA,NA,NA,NA,NA,NA,NA,NA,NA,NA,NA,NA,NA,NA,NA,NA,NA,NA,NA,NA,NA,NA,NA,NA,NA,NA,NA,NA,NA,NA,NA,NA,NA,NA,NA,NA,NA,NA,NA,NA,NA,NA,NA,NA,NA,NA,NA,NA,NA,NA,NA,NA,4535,305,0,3.89,0.52,0,NA,NA,0.0042658,0.168,3.04,0.1,"LWR estimates for this (Sub)family-body shape",NA,NA,NA,NA,NA,0.06,NA,NA,NA,NA,NA,NA,NA,0,0,NA,NA,0,0,3.84701,109.354,NA,NA,NA,NA,NA,NA,2019-04-24,250,0,NA,1,0,1,4535,2270,4720,40645,"dioecism","external",NA,NA,NA,NA,0,NA,"one clear seasonal peak per year",-1,40645,"guarders","nesters",NA,NA,NA,NA,NA,2,2001-11-15,NA,2001-11-15 00:00:00,NA,NA,"Males construct foam nests and guard the growing larvae until mid-January when the first seasonal rains flood the breeding area, causing the about 10 cm long young eels to disperse (Ref. 40645).
Males outnumber females (3:1) and are considerably larger than females (Ref. 40645).
There are three successive batches of eggs deposited in a spawning period. Not all eels with fully developed gonads (in Goiapi drainnage) participated in the annual spawning activity suggesting that mating success depends in part on finding suitable breeding sites (Ref. 40645).",NA
"24","Erpetoichthys calabaricus",-127.99479,3.64393607348792,"Polypteriformes","Actinopterygii","Erpetoichthys calabaricus",NA,NA,NA,NA,NA,NA,NA,NA,NA,NA,NA,NA,NA,NA,NA,NA,NA,NA,NA,NA,NA,NA,NA,NA,NA,NA,NA,NA,NA,NA,NA,NA,NA,NA,NA,NA,NA,NA,NA,NA,NA,NA,NA,NA,NA,NA,NA,NA,NA,NA,NA,NA,NA,NA,NA,NA,NA,NA,NA,NA,NA,NA,NA,NA,NA,NA,NA,NA,NA,NA,NA,NA,NA,NA,NA,NA,NA,NA,NA,NA,NA,NA,NA,NA,NA,NA,NA,NA,NA,NA,NA,NA,NA,NA,NA,NA,NA,NA,NA,NA,NA,NA,NA,NA,NA,NA,NA,NA,NA,NA,NA,NA,NA,NA,NA,NA,NA,NA,NA,NA,NA,4830,45.14,0,3.26,0.4,0,NA,NA,0.00131826,0.174,2.99,0.102,"LWR estimates for this (Sub)family-body shape",NA,NA,NA,NA,NA,NA,NA,NA,NA,NA,NA,NA,NA,0,0,0,NA,0,0,6.61207,573.12,NA,NA,NA,NA,NA,NA,2019-04-24,37,0,NA,1,NA,1,4830,2456,5060,78138,"dioecism","external",NA,NA,NA,NA,0,NA,"throughout the year, but peaking once",0,NA,"nonguarders","open water/substratum egg scatterers","none",3,NA,"Never/Rarely",7020,97,2006-08-04,2,2017-07-19 00:00:00,NA,NA,"Parallel swimming courtship; female deposits few eggs between anal fins of male, where they are fertilized and then scattered in vegetation where they immediately stick to substrate. This procedure is repeated many times. Eggs are 2.1-2.6 mm in diameter. Larvae hatch after 70 hours but remain attached to vegetation; 22 days after hatching the yolk sac is absorbed and larvae start feeding.",NA
"25","Esox lucius",-143.52931,2.9893541225303,"Esociformes","Actinopterygii","Esox lucius",0.866138000933738,NA,NA,NA,NA,NA,NA,NA,NA,NA,NA,NA,NA,NA,NA,NA,NA,NA,NA,NA,NA,NA,NA,NA,NA,NA,NA,NA,NA,NA,NA,NA,NA,NA,NA,NA,NA,NA,NA,NA,NA,NA,NA,NA,NA,NA,NA,NA,NA,NA,NA,NA,NA,NA,NA,NA,NA,NA,NA,NA,NA,NA,NA,NA,NA,NA,NA,NA,NA,NA,NA,NA,NA,NA,NA,NA,NA,NA,NA,NA,NA,NA,NA,NA,NA,NA,NA,NA,NA,NA,NA,NA,NA,NA,NA,NA,NA,NA,NA,NA,NA,NA,NA,NA,NA,NA,NA,NA,NA,NA,NA,NA,NA,NA,NA,NA,NA,NA,NA,NA,NA,258,150,0,4.07,0.407,0,NA,NA,0.00446684,0.0295,3.08,0.0192,"LWR estimates for this species",NA,NA,NA,NA,NA,0.15,NA,NA,NA,8853.82,NA,1,5,0,0,0,30,0,0,3.51543,94.7079,1.37082,30,NA,NA,NA,NA,2019-04-24,123,0,0.8,18,2,14,258,187,272,205,"dioecism","external",NA,NA,NA,NA,0,NA,"one clear seasonal peak per year",-1,1998,"nonguarders","open water/substratum egg scatterers","none",1,205,NA,NA,21,1992-12-18,2,2016-06-01 00:00:00,NA,NA,"Spawners move inshore or upstream to the marsh areas to spawn (Ref. 27547). Generally, spawning occurs during the day. The sexes pair and a larger female is usually attended by one or two smaller males. They swim through and over the vegetation in water usually less than 17.8 cm, releasing eggs and sperm simultaneously at irregular intervals (Ref. 1998).  Eggs are deposited in flooded areas and on submerged vegetation over a period of 2-5 days (Ref. 59043).  Only 5 to 60 eggs ae released at a time (Ref. 27547). This act is repeated every few minutes for up to several hours, after which the fish rest for some time before resuming. During the resting period, both male and female may take new mates, or they may continue together for several days until all eggs are extruded. Spawned-out adults may stay on the spawning grounds for as long as 14 weeks, but most leave within 6 (Ref. 27547).",NA
"26","Etheostoma spectabile",-148.23537,2.5386744196529,"Perciformes","Actinopterygii","Etheostoma spectabile",NA,NA,NA,NA,NA,NA,NA,NA,NA,NA,NA,NA,NA,NA,NA,NA,NA,NA,NA,NA,NA,NA,NA,NA,NA,NA,NA,NA,NA,NA,NA,NA,NA,NA,NA,NA,NA,NA,NA,NA,NA,NA,NA,NA,NA,NA,NA,NA,NA,NA,NA,NA,NA,NA,NA,NA,NA,NA,NA,NA,NA,NA,NA,NA,NA,NA,NA,NA,NA,NA,NA,NA,NA,NA,NA,NA,NA,NA,NA,NA,NA,NA,NA,NA,NA,NA,NA,NA,NA,NA,NA,NA,NA,NA,NA,NA,NA,NA,NA,NA,NA,NA,NA,NA,NA,NA,NA,NA,NA,NA,NA,NA,NA,NA,NA,NA,NA,NA,NA,NA,NA,3468,7.2,0,3.29,0.45,0,NA,NA,NA,NA,NA,NA,NA,NA,NA,NA,NA,NA,0.88,NA,NA,NA,NA,NA,NA,NA,0,0,NA,NA,0,0,8.2109,132.91,NA,NA,NA,NA,NA,NA,2019-04-24,5.9,0,NA,1,NA,1,3468,1876,3664,36980,"dioecism","external","monogamy",NA,36980,2,0,NA,"one clear seasonal peak per year",0,7043,"nonguarders","brood hiders","none",1,7043,NA,NA,2,2008-04-01,2,2008-04-10 00:00:00,NA,NA,"Distinct pairing during breeding (Ref. 36980).  Eggs are found buried in the substrate (Ref. 7043).",NA
"27","Fundulus heteroclitus",-141.661019,3.39157139749065,"Cyprinodontiformes","Actinopterygii","Fundulus heteroclitus",NA,NA,NA,NA,NA,NA,NA,NA,NA,NA,NA,NA,NA,NA,NA,NA,NA,NA,NA,NA,NA,NA,NA,NA,NA,NA,NA,NA,NA,NA,NA,NA,NA,NA,NA,NA,NA,NA,NA,NA,NA,NA,NA,NA,NA,NA,NA,NA,NA,NA,NA,NA,NA,NA,NA,NA,NA,NA,NA,NA,NA,NA,NA,NA,NA,NA,NA,NA,NA,NA,NA,NA,NA,NA,NA,NA,NA,NA,NA,NA,NA,NA,NA,NA,NA,NA,NA,NA,NA,NA,NA,NA,NA,NA,NA,NA,NA,NA,NA,NA,NA,NA,NA,NA,NA,NA,NA,NA,NA,NA,NA,NA,NA,NA,NA,NA,NA,NA,NA,NA,NA,3192,15,0,3.59,0.48,0,NA,NA,0.0107152,0.165,3.17,0.0951,"LWR estimates for this species & (Sub)family-body",NA,NA,NA,NA,NA,0.68,NA,NA,NA,NA,NA,0,3,0,0,0,5,0,0,4.91756,208.815,NA,NA,6.1,9.3,23.7,163,2019-04-24,12.3,0,1,4,0,4,3192,1698,3388,26281,"dioecism","external",NA,NA,NA,NA,0,NA,NA,0,NA,"nonguarders","brood hiders","none",1,NA,NA,NA,10,1998-03-20,2,2014-06-09 00:00:00,NA,NA,"Deposits eggs in the shells of <i>Modiolus demissus</i> (Ref. 26281).",NA
"28","Gadus morhua",-123.1413,3.74949171251547,"Gadiformes","Actinopterygii","Gadus morhua",0.770945775874787,NA,NA,NA,NA,NA,NA,NA,NA,NA,NA,NA,NA,NA,NA,NA,NA,NA,NA,NA,NA,NA,NA,NA,NA,NA,NA,NA,NA,NA,NA,NA,NA,NA,NA,NA,NA,NA,NA,NA,NA,NA,NA,NA,NA,NA,NA,NA,NA,NA,NA,NA,NA,NA,NA,NA,NA,NA,NA,NA,NA,NA,NA,NA,NA,NA,NA,NA,NA,NA,NA,NA,NA,NA,NA,NA,NA,NA,NA,NA,NA,NA,NA,NA,NA,NA,NA,NA,NA,NA,NA,NA,NA,NA,NA,NA,NA,NA,NA,NA,NA,NA,NA,NA,NA,NA,NA,NA,NA,NA,NA,NA,NA,NA,NA,NA,NA,NA,NA,NA,NA,69,200,0,4.09,0.179,0,NA,NA,0.00707946,0.0259,3.07,0.0182,"LWR estimates for this species",0.519233,0.342694,0.77885,48,"Based on 48 stock assessments.",0.14,NA,NA,NA,35880,NA,150,200,0,0,0,600,0,0,1.92044,78.3142,1.14658,25,0.5,6.6,10.3,769,2019-04-24,185.6,0,1,1,6,35,69,58,79,1371,"dioecism","external",NA,NA,NA,NA,-1,118580,"one clear seasonal peak per year",-1,5513,"nonguarders","open water/substratum egg scatterers","none",1,NA,NA,NA,1,1992-04-03,303,2018-09-21 00:00:00,NA,NA,"Spawning occurs in winter and beginning of spring, where big schools are formed. Spawning sites are in offshore waters, at or near the bottom, in 50-200 m depth and 0-12 <b0>C (preferred range 0-6<b0>C) (Refs. 1371, 89387). May form spawning aggregations in the water column when bottom temperatures are unsuitable (Ref. 1371). Different spawning areas may be used in subsequent years (Ref. 89387). Embryo development lasts about 14 days (at 6<b0>C) and larval phase lasts about 3 months(at 8<b0>C). Fecundity ranges from 2.5 million eggs in a 5 kg female to a record of 9 million eggs in a 34 kg female. Reported number of batches spawned in an experiment is 8 - 22 (Ref. 5513). Sex ratio is nearly 50%, with slight predominance of females. Classified as a determinate multiple spawner (Ref. 40290). Older and larger cod had been found to produce larger eggs with neutral buoyancy at lower salinities. This can be crucial to egg and larval survival (Refs. 31930, 38384). Larvae are pelagic up to 2.5 months before settling on the bottom (Ref. 1371).
In the Baltic, spawning cumulates in March at depths below 20 m near the bottom. The nursery areas are in the inner coastal zone. Recruitment to the fished stock starts below 2 years and peaks at about 3 years of age (Ref. 5947).",NA
"29","Gouania willdenowi",-140.53371,0.993569367314963,"Gobiesociformes","Actinopterygii","Gouania willdenowi",NA,NA,NA,NA,NA,NA,NA,NA,NA,NA,NA,NA,NA,NA,NA,NA,NA,NA,NA,NA,NA,NA,NA,NA,NA,NA,NA,NA,NA,NA,NA,NA,NA,NA,NA,NA,NA,NA,NA,NA,NA,NA,NA,NA,NA,NA,NA,NA,NA,NA,NA,NA,NA,NA,NA,NA,NA,NA,NA,NA,NA,NA,NA,NA,NA,NA,NA,NA,NA,NA,NA,NA,NA,NA,NA,NA,NA,NA,NA,NA,NA,NA,NA,NA,NA,NA,NA,NA,NA,NA,NA,NA,NA,NA,NA,NA,NA,NA,NA,NA,NA,NA,NA,NA,NA,NA,NA,NA,NA,NA,NA,NA,NA,NA,NA,NA,NA,NA,NA,NA,NA,50846,5,0,3.19,0.26,0,NA,NA,0.0057544,0.181,3.11,0.102,"LWR estimates for this (Sub)family-body shape",NA,NA,NA,NA,NA,0.47,NA,NA,NA,NA,NA,3,16,0,0,0,30,0,0,7.10244,705.437,NA,NA,17.7,19.3,21.8,464,2019-04-24,4.1,0,NA,1,NA,1,50846,NA,NA,NA,NA,NA,NA,NA,NA,NA,NA,NA,NA,NA,NA,NA,NA,NA,NA,NA,NA,NA,NA,NA,NA,NA,NA,NA,NA,NA
"30","Haplochromis nyererei",-152.4653512,2.77844580061939,"Perciformes","Actinopterygii","Pundamilia nyererei",NA,NA,NA,NA,NA,NA,NA,NA,NA,NA,NA,NA,NA,NA,NA,NA,NA,NA,NA,NA,NA,NA,NA,NA,NA,NA,NA,NA,NA,NA,NA,NA,NA,NA,NA,NA,NA,NA,NA,NA,NA,NA,NA,NA,NA,NA,NA,NA,NA,NA,NA,NA,NA,NA,NA,NA,NA,NA,NA,NA,NA,NA,NA,NA,NA,NA,NA,NA,NA,NA,NA,NA,NA,NA,NA,NA,NA,NA,NA,NA,NA,NA,NA,NA,NA,NA,NA,NA,NA,NA,NA,NA,NA,NA,NA,NA,NA,NA,NA,NA,NA,NA,NA,NA,NA,NA,NA,NA,NA,NA,NA,NA,NA,NA,NA,NA,NA,NA,NA,NA,NA,6800,9.39,0,2.59,0.213,0,NA,NA,0.0151356,0.17,2.97,0.0876,"LWR estimates for this (Sub)family-body shape",NA,NA,NA,NA,NA,1.26,NA,NA,NA,NA,NA,1,3,0,0,1,4,0,0,27.756,1138.45,NA,NA,NA,NA,NA,NA,2019-04-24,7.7,0,NA,1,NA,1,6800,3806,7121,2059,"dioecism","external",NA,NA,NA,NA,0,NA,NA,0,NA,"bearers","external brooders",NA,NA,NA,NA,NA,1,1998-04-02,NA,1998-04-02 00:00:00,NA,NA,"Mouthbrooding by females.",NA
"31","Hippocampus comes",-133.49098,1.57101090582536,"Syngnathiformes","Actinopterygii","Hippocampus comes",2.30530989538361,NA,NA,NA,NA,NA,NA,NA,NA,NA,NA,NA,NA,NA,NA,NA,NA,NA,NA,NA,NA,NA,NA,NA,NA,NA,NA,NA,NA,NA,NA,NA,NA,NA,NA,NA,NA,NA,NA,NA,NA,NA,NA,NA,NA,NA,NA,NA,NA,NA,NA,NA,NA,NA,NA,NA,NA,NA,NA,NA,NA,NA,NA,NA,NA,NA,NA,NA,NA,NA,NA,NA,NA,NA,NA,NA,NA,NA,NA,NA,NA,NA,NA,NA,NA,NA,NA,NA,NA,NA,NA,NA,NA,NA,NA,NA,NA,NA,NA,NA,NA,NA,NA,NA,NA,NA,NA,NA,NA,NA,NA,NA,NA,NA,NA,NA,NA,NA,NA,NA,NA,53792,12.89,0,3.39,0.51,0,NA,NA,0.00389045,0.202,2.99,0.111,"LWR estimates for this (Sub)family-body shape",NA,NA,NA,NA,NA,1.7,NA,NA,NA,35.6852,NA,16,23,0,0,15,30,0,0,5.86921,394.045,0.14976,1.7737,28.3,28.8,29.3,688,2019-04-24,10.57,0,NA,1,NA,1,53792,6225,44611,30915,"dioecism","in brood pouch or similar structure","monogamy","obligate",52884,1,0,NA,"throughout the year, but peaking once",-1,205,"bearers","external brooders","paternal",1,205,NA,NA,2,2002-01-14,2,2017-06-28 00:00:00,NA,NA,"Monogamous mating is observed as both obligate and genetic (Ref. 52884).  Male carries the eggs in a brood pouch (Ref. 205).  Gestation period 2-3 weeks (but varies with water temperature) (Ref. 30915).",NA
"32","Ictalurus punctatus",-127.34354,0.977535145375572,"Siluriformes","Actinopterygii","Ictalurus punctatus",3,NA,NA,NA,NA,NA,NA,NA,NA,NA,NA,NA,NA,NA,NA,NA,NA,NA,NA,NA,NA,NA,NA,NA,NA,NA,NA,NA,NA,NA,NA,NA,NA,NA,NA,NA,NA,NA,NA,NA,NA,NA,NA,NA,NA,NA,NA,NA,NA,NA,NA,NA,NA,NA,NA,NA,NA,NA,NA,NA,NA,NA,NA,NA,NA,NA,NA,NA,NA,NA,NA,NA,NA,NA,NA,NA,NA,NA,NA,NA,NA,NA,NA,NA,NA,NA,NA,NA,NA,NA,NA,NA,NA,NA,NA,NA,NA,NA,NA,NA,NA,NA,NA,NA,NA,NA,NA,NA,NA,NA,NA,NA,NA,NA,NA,NA,NA,NA,NA,NA,NA,290,132,0,4.16,0.277,0,NA,NA,0.00524807,0.0502,3.13,0.0341,"LWR estimates for this species",NA,NA,NA,NA,NA,0.09,NA,NA,NA,4000,NA,NA,NA,0,0,15,NA,0,0,2.23805,3.81888,2.82999,25,NA,NA,NA,NA,2019-04-24,108.24,0,0.607142857142857,40,0,3,290,212,304,1672,"dioecism","external",NA,NA,NA,NA,0,NA,NA,-1,39469,"guarders","nesters","paternal",1,88808,NA,NA,339,1998-06-04,2,2011-12-05 00:00:00,NA,NA,"Spawning happens, depending on latitude, during the months of April-July, with temperatures between 27-28<b0>C. Females lay their egges on a hole dug on sandy grounds. Incubation lasts 3-8 days, and larval development between 12-16 days, depending on temperature. The pair builds a depression in the ground, which is guarded by the male (Ref. 1672). Channel catfish requires cool water and short day lengths  during the winter months for proper egg development; an egg mass can contain up to 20,000 eggs (Ref. 44091). Sexual maturity is reached at 2-3 years.",NA
"33","Kryptolebias marmoratus",-136.10654,2.27390862183257,"Cyprinodontiformes","Actinopterygii","Kryptolebias marmoratus",NA,NA,NA,NA,NA,NA,NA,NA,NA,NA,NA,NA,NA,NA,NA,NA,NA,NA,NA,NA,NA,NA,NA,NA,NA,NA,NA,NA,NA,NA,NA,NA,NA,NA,NA,NA,NA,NA,NA,NA,NA,NA,NA,NA,NA,NA,NA,NA,NA,NA,NA,NA,NA,NA,NA,NA,NA,NA,NA,NA,NA,NA,NA,NA,NA,NA,NA,NA,NA,NA,NA,NA,NA,NA,NA,NA,NA,NA,NA,NA,NA,NA,NA,NA,NA,NA,NA,NA,NA,NA,NA,NA,NA,NA,NA,NA,NA,NA,NA,NA,NA,NA,NA,NA,NA,NA,NA,NA,NA,NA,NA,NA,NA,NA,NA,NA,NA,NA,NA,NA,NA,3213,7.5,0,3.19,0.48,0,NA,NA,0.0047863,0.2,3.14,0.108,"LWR estimates for this (Sub)family-body shape",NA,NA,NA,NA,NA,2.57,NA,NA,NA,NA,NA,NA,NA,0,0,0,NA,0,0,7.10244,705.437,NA,NA,NA,NA,NA,NA,2019-04-24,5.6,0,NA,1,NA,1,3213,1705,3409,7471,"true hermaphroditism","other",NA,NA,NA,NA,0,NA,"no obvious seasonal peak",0,93034,"nonguarders","open water/substratum egg scatterers","none",3,93034,NA,NA,10,1994-09-16,2,2017-07-24 00:00:00,10,1996-03-16 00:00:00,"Eggs are sometimes fertilized internally by accident via close apposition of gonopores in otherwise oviparous fishes (Ref. 7471). Regarded as a self-fertilizing hermaphrodite (Ref. 6028, 245, 35237). Eggs are 1.6 mm in diameter. Sexes can be distinguished after 8 weeks (Ref. 35237).  Also Ref. 103751.",NA
"34","Labrus bergylta",-132.86459,4.34842938732545,"Perciformes","Actinopterygii","Labrus bergylta",5.36953559916202,NA,NA,NA,NA,NA,NA,NA,NA,NA,NA,NA,NA,NA,NA,NA,NA,NA,NA,NA,NA,NA,NA,NA,NA,NA,NA,NA,NA,NA,NA,NA,NA,NA,NA,NA,NA,NA,NA,NA,NA,NA,NA,NA,NA,NA,NA,NA,NA,NA,NA,NA,NA,NA,NA,NA,NA,NA,NA,NA,NA,NA,NA,NA,NA,NA,NA,NA,NA,NA,NA,NA,NA,NA,NA,NA,NA,NA,NA,NA,NA,NA,NA,NA,NA,NA,NA,NA,NA,NA,NA,NA,NA,NA,NA,NA,NA,NA,NA,NA,NA,NA,NA,NA,NA,NA,NA,NA,NA,NA,NA,NA,NA,NA,NA,NA,NA,NA,NA,NA,NA,572,65.9,0,3.97,0.44,0,NA,NA,0.00977237,0.122,3.05,0.0751,"LWR estimates for this species & (Sub)family-body",NA,NA,NA,NA,NA,0.12,NA,NA,NA,3073.67,NA,2,30,0,0,1,50,0,0,5.0676,55.8354,1,29,8.7,10.5,13.3,376,2019-04-24,57.63,0,NA,1,NA,1,572,362,588,6843,"protogyny","external",NA,NA,NA,NA,0,NA,NA,0,NA,"guarders","nesters","paternal",1,87405,NA,NA,367,2000-02-17,2,2014-06-27 00:00:00,1,2002-07-22 22:20:18,"Eggs are laid in nest built from algae; male guards nest 1-2 weeks until larvae hatch (Ref. 35388); larvae are pelagic.",NA
"35","Larimichthys crocea",-125.31528,2.30390764321065,"Perciformes","Actinopterygii","Larimichthys crocea",NA,NA,NA,NA,NA,NA,NA,NA,NA,NA,NA,NA,NA,NA,NA,NA,NA,NA,NA,NA,NA,NA,NA,NA,NA,NA,NA,NA,NA,NA,NA,NA,NA,NA,NA,NA,NA,NA,NA,NA,NA,NA,NA,NA,NA,NA,NA,NA,NA,NA,NA,NA,NA,NA,NA,NA,NA,NA,NA,NA,NA,NA,NA,NA,NA,NA,NA,NA,NA,NA,NA,NA,NA,NA,NA,NA,NA,NA,NA,NA,NA,NA,NA,NA,NA,NA,NA,NA,NA,NA,NA,NA,NA,NA,NA,NA,NA,NA,NA,NA,NA,NA,NA,NA,NA,NA,NA,NA,NA,NA,NA,NA,NA,NA,NA,NA,NA,NA,NA,NA,NA,428,80,0,3.72,0.56,0,NA,NA,0.00870964,0.125,3.05,0.074,"LWR estimates for this species & (Sub)family-body",0.297453,0.196319,0.446179,1,"Based on 1 stock assessment.",0.25,NA,NA,NA,2249,NA,12,59,0,0,0,120,0,0,5.1077,71.7808,1.31472,12.0612,20.8,22.8,24.7,54,2019-04-24,65.6,0,NA,1,NA,1,428,NA,NA,NA,NA,NA,NA,NA,NA,NA,NA,NA,NA,NA,NA,NA,NA,NA,NA,NA,NA,NA,NA,NA,NA,NA,NA,NA,NA,NA
"36","Lates calcarifer",-140.16613,2.57667150713215,"Perciformes","Actinopterygii","Lates calcarifer",NA,NA,NA,NA,NA,NA,NA,NA,NA,NA,NA,NA,NA,NA,NA,NA,NA,NA,NA,NA,NA,NA,NA,NA,NA,NA,NA,NA,NA,NA,NA,NA,NA,NA,NA,NA,NA,NA,NA,NA,NA,NA,NA,NA,NA,NA,NA,NA,NA,NA,NA,NA,NA,NA,NA,NA,NA,NA,NA,NA,NA,NA,NA,NA,NA,NA,NA,NA,NA,NA,NA,NA,NA,NA,NA,NA,NA,NA,NA,NA,NA,NA,NA,NA,NA,NA,NA,NA,NA,NA,NA,NA,NA,NA,NA,NA,NA,NA,NA,NA,NA,NA,NA,NA,NA,NA,NA,NA,NA,NA,NA,NA,NA,NA,NA,NA,NA,NA,NA,NA,NA,346,200,0,3.83,0.6,0,NA,NA,0.00933254,0.101,3.02,0.0693,"LWR estimates for this species & Genus-body shape",0.581293,0.383654,0.87194,13,"Based on 13 stock assessments.",0.12,NA,NA,NA,25325.2,NA,13,26,0,0,10,40,0,0,3.52448,63.8085,0.315054,NA,25,28.3,29.1,710,2019-04-24,161.88,0,0.666666666666667,7,0,3,346,243,360,9987,"protandry","external",NA,NA,NA,NA,-1,118580,NA,0,NA,"nonguarders","open water/substratum egg scatterers","none",3,NA,NA,NA,10,1996-03-08,303,2018-09-21 00:00:00,NA,NA,"Breed in estuaries throughout the Indo-Pacific. Maturing male barramundi migrate downstream from freshwater habitats at the start of the wet (monsoon) season to spawn with resident females in estuaries (Ref. 27132) and on tidal flats outside the mouths of rivers (Ref. 6390).
Barramundi spawn on the full moon and new moon, primarily at the beginning of an incoming tide which carries the eggs into the estuary (Ref. 28135).
Barramundi are broadcast spawners that aggregate to spawn (Ref. 6390). Spawning aggregations occur in or around the mouths of rivers (Ref. 28132). While adults and juveniles are capable of living in fresh water, brackish waters are required for embryonic development (Ref. 6136). Female barramundi are capable of producing large numbers of eggs, with estimates as high as 2.3 million eggs per kg of body weight (Ref. 28134).
Barramundi are protandrous hermaphrodites, i.e., they undergo sex reversion during their life cycle. Females are generally absent in the smaller length classes, but dominate larger length classes. Most barramundi mature first as males and function as males for one or more spawning seasons before undergoing sex inversion. A few females will develop directly from immature fish (Ref. 28132). Similarly, some males may never undergo sex inversion (Ref. 28132).  Also Ref. 103751.",NA
"37","Lepisosteus oculatus",-131.81506,1.60579111150166,"Lepisosteiformes","Actinopterygii","Lepisosteus oculatus",NA,NA,NA,NA,NA,NA,NA,NA,NA,NA,NA,NA,NA,NA,NA,NA,NA,NA,NA,NA,NA,NA,NA,NA,NA,NA,NA,NA,NA,NA,NA,NA,NA,NA,NA,NA,NA,NA,NA,NA,NA,NA,NA,NA,NA,NA,NA,NA,NA,NA,NA,NA,NA,NA,NA,NA,NA,NA,NA,NA,NA,NA,NA,NA,NA,NA,NA,NA,NA,NA,NA,NA,NA,NA,NA,NA,NA,NA,NA,NA,NA,NA,NA,NA,NA,NA,NA,NA,NA,NA,NA,NA,NA,NA,NA,NA,NA,NA,NA,NA,NA,NA,NA,NA,NA,NA,NA,NA,NA,NA,NA,NA,NA,NA,NA,NA,NA,NA,NA,NA,NA,1075,150,0,4,0.66,0,NA,NA,0.00446684,0.179,3.21,0.0996,"LWR estimates for this species & (Sub)family-body",NA,NA,NA,NA,NA,0.1,NA,NA,NA,NA,NA,NA,NA,0,0,NA,NA,0,0,3.61528,99.1893,NA,NA,NA,NA,NA,NA,2019-04-24,131.47,0,NA,1,NA,1,1075,892,1091,205,"dioecism","external","polyandry",NA,58775,1,0,NA,NA,0,NA,"nonguarders","open water/substratum egg scatterers","none",3,NA,NA,NA,2,2007-08-10,2,2017-07-24 00:00:00,NA,NA,NA,NA
"38","Mastacembelus armatus",-139.26783,4.73723516552052,"Synbranchiformes","Actinopterygii","Mastacembelus armatus",NA,NA,NA,NA,NA,NA,NA,NA,NA,NA,NA,NA,NA,NA,NA,NA,NA,NA,NA,NA,NA,NA,NA,NA,NA,NA,NA,NA,NA,NA,NA,NA,NA,NA,NA,NA,NA,NA,NA,NA,NA,NA,NA,NA,NA,NA,NA,NA,NA,NA,NA,NA,NA,NA,NA,NA,NA,NA,NA,NA,NA,NA,NA,NA,NA,NA,NA,NA,NA,NA,NA,NA,NA,NA,NA,NA,NA,NA,NA,NA,NA,NA,NA,NA,NA,NA,NA,NA,NA,NA,NA,NA,NA,NA,NA,NA,NA,NA,NA,NA,NA,NA,NA,NA,NA,NA,NA,NA,NA,NA,NA,NA,NA,NA,NA,NA,NA,NA,NA,NA,NA,10140,36.07,0,2.78,0.27,0,NA,NA,0.00436516,0.0941,2.83,0.0653,"LWR estimates for this species & (Sub)family-body",NA,NA,NA,NA,NA,0.42,NA,NA,NA,NA,NA,NA,NA,0,0,NA,NA,0,0,13.2488,2574.82,NA,NA,NA,NA,NA,NA,2019-04-24,29.58,0,NA,1,0,1,10140,5131,10463,205,"dioecism","external",NA,NA,NA,NA,0,NA,NA,0,NA,"nonguarders",NA,"none",1,205,NA,NA,2,2011-07-05,NA,2011-07-05 00:00:00,NA,NA,NA,NA
"39","Maylandia zebra",-150.261612,2.12689563963695,"Perciformes","Actinopterygii","Maylandia zebra",NA,NA,NA,NA,NA,NA,NA,NA,NA,NA,NA,NA,NA,NA,NA,NA,NA,NA,NA,NA,NA,NA,NA,NA,NA,NA,NA,NA,NA,NA,NA,NA,NA,NA,NA,NA,NA,NA,NA,NA,NA,NA,NA,NA,NA,NA,NA,NA,NA,NA,NA,NA,NA,NA,NA,NA,NA,NA,NA,NA,NA,NA,NA,NA,NA,NA,NA,NA,NA,NA,NA,NA,NA,NA,NA,NA,NA,NA,NA,NA,NA,NA,NA,NA,NA,NA,NA,NA,NA,NA,NA,NA,NA,NA,NA,NA,NA,NA,NA,NA,NA,NA,NA,NA,NA,NA,NA,NA,NA,NA,NA,NA,NA,NA,NA,NA,NA,NA,NA,NA,NA,8345,13.79,0,2.26,0.096,0,NA,NA,0.0151356,0.17,2.97,0.0876,"LWR estimates for this (Sub)family-body shape",NA,NA,NA,NA,NA,0.88,NA,NA,NA,NA,NA,8,18,0,0,6,28,0,0,76.3368,3318.72,NA,NA,NA,NA,NA,NA,2019-04-24,11.3,0,0,1,NA,1,8345,4418,8659,1672,"dioecism","in mouth",NA,NA,NA,NA,0,NA,NA,0,NA,"bearers","external brooders",NA,NA,NA,"Medium",7020,339,1998-08-20,97,2006-05-22 00:00:00,NA,NA,"Produces up to 60 eggs.",NA
"40","Monopterus albus",-131.16053,2.81938874307102,"Synbranchiformes","Actinopterygii","Monopterus albus",NA,NA,NA,NA,NA,NA,NA,NA,NA,NA,NA,NA,NA,NA,NA,NA,NA,NA,NA,NA,NA,NA,NA,NA,NA,NA,NA,NA,NA,NA,NA,NA,NA,NA,NA,NA,NA,NA,NA,NA,NA,NA,NA,NA,NA,NA,NA,NA,NA,NA,NA,NA,NA,NA,NA,NA,NA,NA,NA,NA,NA,NA,NA,NA,NA,NA,NA,NA,NA,NA,NA,NA,NA,NA,NA,NA,NA,NA,NA,NA,NA,NA,NA,NA,NA,NA,NA,NA,NA,NA,NA,NA,NA,NA,NA,NA,NA,NA,NA,NA,NA,NA,NA,NA,NA,NA,NA,NA,NA,NA,NA,NA,NA,NA,NA,NA,NA,NA,NA,NA,NA,4663,122,0,2.88,0.2846,0,NA,NA,0.000645654,0.127,3.08,0.0854,"LWR estimates for this species & (Sub)family-body",NA,NA,NA,NA,NA,0.11,NA,NA,NA,1194.49,NA,NA,NA,0,0,3,NA,0,0,11.0039,1973.73,1.14893,26.9396,NA,NA,NA,NA,2019-04-24,100,0,1,2,NA,1,4663,2327,4880,34185,"protogyny","external",NA,NA,NA,NA,0,NA,NA,0,NA,"guarders","nesters","paternal",1,205,NA,NA,339,1998-07-03,2,2011-07-13 00:00:00,NA,NA,"Male builds a large free-floating bubblenest among the submerged vegetation close to the shoreline; eggs are spat into the nest after being laid; male guards the nest and continues to guard the young after hatching till they are on their own (Ref. 44091). Spawning occurs  in shallow water (Ref. 2060). Sex reversal is completed in 8-30 weeks (Ref. 34260).",NA
"41","Myripristis murdjan",-137.88521,1.81601564876395,"Beryciformes","Actinopterygii","Myripristis murdjan",2.58862133906471,NA,NA,NA,NA,NA,NA,NA,NA,NA,NA,NA,NA,NA,NA,NA,NA,NA,NA,NA,NA,NA,NA,NA,NA,NA,NA,NA,NA,NA,NA,NA,NA,NA,NA,NA,NA,NA,NA,NA,NA,NA,NA,NA,NA,NA,NA,NA,NA,NA,NA,NA,NA,NA,NA,NA,NA,NA,NA,NA,NA,NA,NA,NA,NA,NA,NA,NA,NA,NA,NA,NA,NA,NA,NA,NA,NA,NA,NA,NA,NA,NA,NA,NA,NA,NA,NA,NA,NA,NA,NA,NA,NA,NA,NA,NA,NA,NA,NA,NA,NA,NA,NA,NA,NA,NA,NA,NA,NA,NA,NA,NA,NA,NA,NA,NA,NA,NA,NA,NA,NA,5408,60,0,3.39,0.134,0,NA,NA,0.0154882,0.108,3.07,0.0698,"LWR estimates for this species & Genus-body shape",NA,NA,NA,NA,NA,0.33,NA,NA,NA,569.226,NA,6,26,0,0,1,50,0,0,5.86921,394.045,0.810615,4.46979,24.7,28,29,1080,2019-04-24,47.81,0,NA,1,NA,1,5408,2673,5667,240,"dioecism","external",NA,NA,NA,NA,0,NA,NA,0,NA,"nonguarders","open water/substratum egg scatterers","none",3,NA,NA,NA,2,2001-07-13,2,2017-07-24 00:00:00,NA,NA,"Oviparous (Ref. 240).",NA
"42","Neolamprologus brichardi",-156.87654,4.28417255285857,"Perciformes","Actinopterygii","Neolamprologus brichardi",7.61973000138734,NA,NA,NA,NA,NA,NA,NA,NA,NA,NA,NA,NA,NA,NA,NA,NA,NA,NA,NA,NA,NA,NA,NA,NA,NA,NA,NA,NA,NA,NA,NA,NA,NA,NA,NA,NA,NA,NA,NA,NA,NA,NA,NA,NA,NA,NA,NA,NA,NA,NA,NA,NA,NA,NA,NA,NA,NA,NA,NA,NA,NA,NA,NA,NA,NA,NA,NA,NA,NA,NA,NA,NA,NA,NA,NA,NA,NA,NA,NA,NA,NA,NA,NA,NA,NA,NA,NA,NA,NA,NA,NA,NA,NA,NA,NA,NA,NA,NA,NA,NA,NA,NA,NA,NA,NA,NA,NA,NA,NA,NA,NA,NA,NA,NA,NA,NA,NA,NA,NA,NA,8652,9,0,3.4,0.45,0,NA,NA,0.0151356,0.17,2.97,0.0876,"LWR estimates for this (Sub)family-body shape",NA,NA,NA,NA,NA,1.31,NA,NA,NA,NA,NA,NA,NA,0,0,NA,NA,0,0,8.053,110.427,NA,NA,NA,NA,NA,NA,2019-04-24,7.38,0,NA,1,0,2,8652,4489,8967,1672,"dioecism","external",NA,NA,NA,NA,0,NA,NA,0,NA,"guarders","clutch tenders",NA,NA,NA,NA,NA,339,1998-06-30,NA,1998-08-20 00:00:00,NA,NA,NA,NA
"43","Nothobranchius furzeri",-129.88288,2.13279594627439,"Cyprinodontiformes","Actinopterygii","Nothobranchius furzeri",NA,NA,NA,NA,NA,NA,NA,NA,NA,NA,NA,NA,NA,NA,NA,NA,NA,NA,NA,NA,NA,NA,NA,NA,NA,NA,NA,NA,NA,NA,NA,NA,NA,NA,NA,NA,NA,NA,NA,NA,NA,NA,NA,NA,NA,NA,NA,NA,NA,NA,NA,NA,NA,NA,NA,NA,NA,NA,NA,NA,NA,NA,NA,NA,NA,NA,NA,NA,NA,NA,NA,NA,NA,NA,NA,NA,NA,NA,NA,NA,NA,NA,NA,NA,NA,NA,NA,NA,NA,NA,NA,NA,NA,NA,NA,NA,NA,NA,NA,NA,NA,NA,NA,NA,NA,NA,NA,NA,NA,NA,NA,NA,NA,NA,NA,NA,NA,NA,NA,NA,NA,9855,6.5,0,3.22,0.42,0,NA,NA,0.00389045,0.171,3.12,0.09,"all LWR estimates for this body shape",NA,NA,NA,NA,NA,NA,NA,NA,NA,NA,NA,NA,NA,0,0,NA,NA,0,0,6.88172,644.245,0.033,0.22,NA,NA,NA,NA,2019-04-24,5.33,0,NA,1,NA,1,9855,5003,10178,47116,"dioecism","external",NA,NA,NA,NA,0,NA,"one clear seasonal peak per year",0,NA,"nonguarders","open water/substratum egg scatterers","none",3,NA,NA,NA,339,1998-07-02,2,2017-07-24 00:00:00,1,2003-07-09 17:55:10,"Annual fishes. This updates previous information from Ref. 2060. Before their seasonal habitat disappears adults spawn and lay eggs in the muddy bottom. Embryos survive encased in dry mud in a dormant state and hatch at the onset of the next rainy season to repeat the life cycle (Ref. 47810).",NA
"44","Notothenia coriiceps",-149.84035,4.89680645415402,"Perciformes","Actinopterygii","Notothenia coriiceps",NA,NA,NA,NA,NA,NA,NA,NA,NA,NA,NA,NA,NA,NA,NA,NA,NA,NA,NA,NA,NA,NA,NA,NA,NA,NA,NA,NA,NA,NA,NA,NA,NA,NA,NA,NA,NA,NA,NA,NA,NA,NA,NA,NA,NA,NA,NA,NA,NA,NA,NA,NA,NA,NA,NA,NA,NA,NA,NA,NA,NA,NA,NA,NA,NA,NA,NA,NA,NA,NA,NA,NA,NA,NA,NA,NA,NA,NA,NA,NA,NA,NA,NA,NA,NA,NA,NA,NA,NA,NA,NA,NA,NA,NA,NA,NA,NA,NA,NA,NA,NA,NA,NA,NA,NA,NA,NA,NA,NA,NA,NA,NA,NA,NA,NA,NA,NA,NA,NA,NA,NA,4702,62,0,2.75,0.35,0,NA,NA,0.0074131,0.0465,3.17,0.0314,"LWR estimates for this species",NA,NA,NA,NA,NA,0.17,NA,NA,NA,2236,NA,66,247,0,0,0,550,0,0,12.4478,643.454,1.06014,18,-1.7,-0.6,2.4,170,2019-04-24,55.12,0,NA,1,0,1,4702,2362,4923,205,"dioecism","external",NA,NA,NA,NA,0,NA,NA,0,NA,NA,NA,NA,NA,NA,NA,NA,2,2012-01-31,NA,2012-01-31 00:00:00,NA,NA,NA,NA
"45","Oncorhynchus mykiss",-152.50075,3.09250776923483,"Salmoniformes","Actinopterygii","Oncorhynchus mykiss",2.15044659297831,NA,NA,NA,NA,NA,NA,NA,NA,NA,NA,NA,NA,NA,NA,NA,NA,NA,NA,NA,NA,NA,NA,NA,NA,NA,NA,NA,NA,NA,NA,NA,NA,NA,NA,NA,NA,NA,NA,NA,NA,NA,NA,NA,NA,NA,NA,NA,NA,NA,NA,NA,NA,NA,NA,NA,NA,NA,NA,NA,NA,NA,NA,NA,NA,NA,NA,NA,NA,NA,NA,NA,NA,NA,NA,NA,NA,NA,NA,NA,NA,NA,NA,NA,NA,NA,NA,NA,NA,NA,NA,NA,NA,NA,NA,NA,NA,NA,NA,NA,NA,NA,NA,NA,NA,NA,NA,NA,NA,NA,NA,NA,NA,NA,NA,NA,NA,NA,NA,NA,NA,239,122,0,4.08,0.281,0,NA,NA,0.00933254,0.0519,3.02,0.0224,"LWR estimates for this species",NA,NA,NA,NA,NA,0.7,NA,NA,NA,2293.14,NA,22,95,0,0,0,200,0,0,4.09311,110.658,1.26878,11,1.3,5.4,10,315,2019-04-24,109.8,0,0.704347826086957,127,1,7,239,170,253,4706,"dioecism","external",NA,NA,NA,NA,0,NA,"once in a lifetime",0,88808,"nonguarders","brood hiders","none",1,88808,NA,NA,1,1992-09-09,2,2014-04-29 00:00:00,NA,NA,"Reported not to establish breeding populations if the peak emergence of fry corresponds to flood season and cold summer temperatures and if temperature does not fall below 13<b0> C (Ref. 59043).  Males mature generally at 2 years and females at 3.  Spawning happens from November until May in the Northern hemisphere and from August to November on the Southern hemisphere.  The size of the eggs depends on the size of the female.  In captivity spawning is fostered by abdominal massage.  Egg size 3-6 mm,  fry length after hatching 12-20 mm. Hatchlings are well developed and equipped with a large yolk sac.      
The female finds a spot and digs a pit.  While digging, an attendant male courts her or is busy driving away other males.  As soon as the pit is completed, the female drops into it and is immediately followed by the male.  The pair is side by side, they open their mouth, quiver and release egg and sperm.  Females produce from 700 to 4,000 eggs per spawning event (Ref. 4706).  At this point, a subordinate male moves in and releases sperm into the nest.  The female quickly moves to the upstream edge of the nest and starts digging a new pit, covering the eggs.  The whole process is repeated for several days until the female deposits all her eggs (Ref. 27547).  Young fish move downstream at night, shortly after emergence (Ref. 4706).  
Reproductive strategy: synchronous ovarian organization, determinate fecundity (Ref. 51846).",NA
"46","Oreochromis aureus",-149.28635,1.83160766374485,"Perciformes","Actinopterygii","Oreochromis aureus",NA,NA,NA,NA,NA,NA,NA,NA,NA,NA,NA,NA,NA,NA,NA,NA,NA,NA,NA,NA,NA,NA,NA,NA,NA,NA,NA,NA,NA,NA,NA,NA,NA,NA,NA,NA,NA,NA,NA,NA,NA,NA,NA,NA,NA,NA,NA,NA,NA,NA,NA,NA,NA,NA,NA,NA,NA,NA,NA,NA,NA,NA,NA,NA,NA,NA,NA,NA,NA,NA,NA,NA,NA,NA,NA,NA,NA,NA,NA,NA,NA,NA,NA,NA,NA,NA,NA,NA,NA,NA,NA,NA,NA,NA,NA,NA,NA,NA,NA,NA,NA,NA,NA,NA,NA,NA,NA,NA,NA,NA,NA,NA,NA,NA,NA,NA,NA,NA,NA,NA,NA,1387,45.7,0,2.06,0,0,NA,NA,0.0190546,0.0571,2.98,0.0212,"LWR estimates for this species",NA,NA,NA,NA,NA,0.42,NA,NA,NA,514.315,NA,NA,NA,0,0,5,NA,0,0,105.566,6009.95,1,NA,NA,NA,NA,NA,2019-04-24,37.47,0,0.765957446808511,60,0,1,1387,1041,1423,2,"dioecism","external","polygyny",NA,NA,NA,0,NA,"one clear seasonal peak per year",-1,NA,"bearers","external brooders","maternal",1,NA,NA,NA,3,1991-01-24,2,2016-06-07 00:00:00,NA,NA,"Nesting usually in shallow water weedy areas (Ref. 96).  Males establish territory and dig a spawning pit (Ref. 2, 6465, 54601), using mouth and fins (Ref. 2), up to 60cm deep and 4-6m in diameter; a number of territories can often be found clustered together (Ref. 52307).  Territories are defended by means of agressive behaviour (Ref. 6465), including lateral display, lateral biting and mouth-to-mouth combat (Ref. 2).  Reproduction is stimulated by long photoperiods and inhibited by short daylengths (Ref. 54365).  Reproduction requires a minimum temperature of about 20<b0>C (Ref. 2).  Males visit schools of females and attempt to attract a female spawning partner (Ref. 2, 52307).  Courting behaviour in the nest consists of lateral display by both sexes with nipping and tail-flapping (Ref. 2).  Eggs are deposited in single clutches, from several dozen to 100 eggs (Ref. 52307), and are taken into the females mouth as soon as they are fertilized (Ref. 2, 6465, 52307),  with a peak spawning frequency around the 9-11th hour of light (Ref. 31140, 54365).  One female may hold up to 2000 eggs in her mouth (Ref. 2).  The female swims away to deeper water with the brood after spawning is complete (Ref. 2, 52307), while the male renews spawning activities with another female.  Hatching occurs about 3 days after oviposition (Ref. 2).  Incubation time varies with temperature, 13-14 days at 25-27<b0>C (Ref. 2, 52307) or 8-10 days at 29<b0>C (Ref. 144), and juveniles leave the mother's mouth when they are about 1.1cm in length (Ref. 54601).  The young school near parent's head for a few days, reentering the mouth at any sign of danger or at a gesture of the female;  parent-offspring relationship ceases after 5 days (Ref. 2).",NA
"47","Oreochromis niloticus",-140.68319,3.95336029149044,"Perciformes","Actinopterygii","Oreochromis niloticus",2.0218253968254,NA,NA,NA,NA,NA,NA,NA,NA,NA,NA,NA,NA,NA,NA,NA,NA,NA,NA,NA,NA,NA,NA,NA,NA,NA,NA,NA,NA,NA,NA,NA,NA,NA,NA,NA,NA,NA,NA,NA,NA,NA,NA,NA,NA,NA,NA,NA,NA,NA,NA,NA,NA,NA,NA,NA,NA,NA,NA,NA,NA,NA,NA,NA,NA,NA,NA,NA,NA,NA,NA,NA,NA,NA,NA,NA,NA,NA,NA,NA,NA,NA,NA,NA,NA,NA,NA,NA,NA,NA,NA,NA,NA,NA,NA,NA,NA,NA,NA,NA,NA,NA,NA,NA,NA,NA,NA,NA,NA,NA,NA,NA,NA,NA,NA,NA,NA,NA,NA,NA,NA,2,73.2,0,2,0,0,NA,NA,0.0199526,0.0407,2.98,0.0192,"LWR estimates for this species",NA,NA,NA,NA,NA,0.35,NA,NA,NA,728.32,NA,2,20,0,0,0,20,0,0,107.144,7174.06,0.666667,12.4,NA,NA,NA,NA,2019-04-24,60,0,0.786516853932584,130,0,14,2,1,1,2,"dioecism","external","polygyny",NA,NA,NA,0,NA,"no obvious seasonal peak",-1,2,"bearers","external brooders","maternal",1,2,NA,NA,4,1990-10-19,2,2016-06-07 00:00:00,10,1995-03-20 00:00:00,"Sexual maturity is reached at 3-6 months depending on temperature, reaching about 30 g. Reproduction occurs only when temperatures are over 20<b0>C. Several yearly spawnings every 30 days. Females incubate eggs inside their mouths (approximately for a week) where larvae hatch and remain until the vitellus is reabsorved. Egg size 1.5 mm, larval length at hatching 4 mm.
Spawns in firm sand in water from 0.6 to 2 m deep of lakes (Ref. 2) and inshore waters (Ref. 55624). Males set up and defend territory which are visited by the females. Courtship lasts several hours.  A single male probably fertilises the eggs of more than one female (Ref. 55624). Eggs are shed in batches in shallow nest and fertilized by male. Each batch of eggs is picked up into oral cavity by female. Females solely involved in broodcare. Female carries up to 200 eggs in her mouth where the larvae hatch and remain until after the yolk-sac is absorbed.",NA
"48","Oryzias melastigma",-143.69441,2.89723461653041,"Beloniformes","Actinopterygii","Oryzias melastigma",NA,NA,NA,NA,NA,NA,NA,NA,NA,NA,NA,NA,NA,NA,NA,NA,NA,NA,NA,NA,NA,NA,NA,NA,NA,NA,NA,NA,NA,NA,NA,NA,NA,NA,NA,NA,NA,NA,NA,NA,NA,NA,NA,NA,NA,NA,NA,NA,NA,NA,NA,NA,NA,NA,NA,NA,NA,NA,NA,NA,NA,NA,NA,NA,NA,NA,NA,NA,NA,NA,NA,NA,NA,NA,NA,NA,NA,NA,NA,NA,NA,NA,NA,NA,NA,NA,NA,NA,NA,NA,NA,NA,NA,NA,NA,NA,NA,NA,NA,NA,NA,NA,NA,NA,NA,NA,NA,NA,NA,NA,NA,NA,NA,NA,NA,NA,NA,NA,NA,NA,NA,64642,4,0,3.31,0.43,0,NA,NA,0.0047863,0.211,3.13,0.115,"LWR estimates for this (Sub)family-body shape",NA,NA,NA,NA,NA,NA,NA,NA,NA,NA,NA,NA,NA,0,0,0,NA,0,0,6.30669,496.867,NA,NA,NA,NA,NA,NA,2019-04-24,3.28,0,NA,1,NA,1,64642,NA,NA,NA,NA,NA,NA,NA,NA,NA,NA,NA,NA,NA,NA,NA,NA,NA,NA,NA,NA,NA,NA,NA,NA,NA,NA,NA,NA,NA
"49","Pangasianodon hypophthalmus",-132.46726,2.76378195522006,"Siluriformes","Actinopterygii","Pangasianodon hypophthalmus",NA,NA,NA,NA,NA,NA,NA,NA,NA,NA,NA,NA,NA,NA,NA,NA,NA,NA,NA,NA,NA,NA,NA,NA,NA,NA,NA,NA,NA,NA,NA,NA,NA,NA,NA,NA,NA,NA,NA,NA,NA,NA,NA,NA,NA,NA,NA,NA,NA,NA,NA,NA,NA,NA,NA,NA,NA,NA,NA,NA,NA,NA,NA,NA,NA,NA,NA,NA,NA,NA,NA,NA,NA,NA,NA,NA,NA,NA,NA,NA,NA,NA,NA,NA,NA,NA,NA,NA,NA,NA,NA,NA,NA,NA,NA,NA,NA,NA,NA,NA,NA,NA,NA,NA,NA,NA,NA,NA,NA,NA,NA,NA,NA,NA,NA,NA,NA,NA,NA,NA,NA,14154,158.6,0,3.12,0.46,0,NA,NA,0.00758578,0.124,3.05,0.0784,"LWR estimates for this species & (Sub)family-body",NA,NA,NA,NA,NA,NA,NA,NA,NA,NA,NA,NA,NA,0,0,NA,NA,0,0,2.46929,15.877,NA,NA,NA,NA,NA,NA,2019-04-24,130,0,0.571428571428571,9,NA,1,14154,6413,14046,NA,"dioecism","external",NA,NA,NA,NA,0,NA,"one clear seasonal peak per year",0,NA,"nonguarders","open water/substratum egg scatterers","none",3,NA,NA,NA,1,2004-02-11,2,2017-07-24 00:00:00,NA,NA,"Assuming same reproductive mode as <i>P. conchophilus</i>.",NA
"50","Paralichthys olivaceus",-144.451388,2.6414092563453,"Pleuronectiformes","Actinopterygii","Paralichthys olivaceus",NA,NA,NA,NA,NA,NA,NA,NA,NA,NA,NA,NA,NA,NA,NA,NA,NA,NA,NA,NA,NA,NA,NA,NA,NA,NA,NA,NA,NA,NA,NA,NA,NA,NA,NA,NA,NA,NA,NA,NA,NA,NA,NA,NA,NA,NA,NA,NA,NA,NA,NA,NA,NA,NA,NA,NA,NA,NA,NA,NA,NA,NA,NA,NA,NA,NA,NA,NA,NA,NA,NA,NA,NA,NA,NA,NA,NA,NA,NA,NA,NA,NA,NA,NA,NA,NA,NA,NA,NA,NA,NA,NA,NA,NA,NA,NA,NA,NA,NA,NA,NA,NA,NA,NA,NA,NA,NA,NA,NA,NA,NA,NA,NA,NA,NA,NA,NA,NA,NA,NA,NA,1351,103,0,4.46,0.76,0,NA,NA,0.00758578,0.121,3.08,0.0823,"LWR estimates for this species & (Sub)family-body",NA,NA,NA,NA,NA,0.15,NA,NA,NA,22377.1,NA,30,101,0,0,10,200,0,0,4.28547,161.396,1.15786,9.15562,8.6,18.8,25,241,2019-04-24,91.54,0,NA,2,0,2,1351,11877,1369,205,"dioecism","external",NA,NA,NA,NA,0,NA,NA,0,NA,"nonguarders","open water/substratum egg scatterers","none",3,NA,NA,NA,2,2016-07-29,NA,2016-07-29 00:00:00,NA,NA,"Distinct pairing (Ref. 205).",NA
"51","Parambassis ranga",-125.3575,3.7012494463957,"Perciformes","Actinopterygii","Parambassis ranga",NA,NA,NA,NA,NA,NA,NA,NA,NA,NA,NA,NA,NA,NA,NA,NA,NA,NA,NA,NA,NA,NA,NA,NA,NA,NA,NA,NA,NA,NA,NA,NA,NA,NA,NA,NA,NA,NA,NA,NA,NA,NA,NA,NA,NA,NA,NA,NA,NA,NA,NA,NA,NA,NA,NA,NA,NA,NA,NA,NA,NA,NA,NA,NA,NA,NA,NA,NA,NA,NA,NA,NA,NA,NA,NA,NA,NA,NA,NA,NA,NA,NA,NA,NA,NA,NA,NA,NA,NA,NA,NA,NA,NA,NA,NA,NA,NA,NA,NA,NA,NA,NA,NA,NA,NA,NA,NA,NA,NA,NA,NA,NA,NA,NA,NA,NA,NA,NA,NA,NA,NA,10130,8,0,3.27,0.3858,0,NA,NA,0.0147911,0.128,2.95,0.0814,"LWR estimates for this species & (Sub)family-body",NA,NA,NA,NA,NA,0.6,NA,NA,NA,NA,NA,NA,NA,0,0,NA,NA,0,0,8.18759,138.001,0.5,3,NA,NA,NA,NA,2019-04-24,6.56,0,1,2,0,1,10130,5128,10453,1672,"dioecism","external",NA,NA,NA,NA,0,NA,NA,0,NA,"nonguarders","open water/substratum egg scatterers","none",3,NA,"Medium",7020,339,1998-08-21,2,2017-07-24 00:00:00,NA,NA,"Produces up to 500 eggs.",NA
"52","Paramormyrops kingsleyae",-116.97295,2.40654041693327,"Osteoglossiformes","Actinopterygii","Paramormyrops kingsleyae",17.0991441939584,NA,NA,NA,NA,NA,NA,NA,NA,NA,NA,NA,NA,NA,NA,NA,NA,NA,NA,NA,NA,NA,NA,NA,NA,NA,NA,NA,NA,NA,NA,NA,NA,NA,NA,NA,NA,NA,NA,NA,NA,NA,NA,NA,NA,NA,NA,NA,NA,NA,NA,NA,NA,NA,NA,NA,NA,NA,NA,NA,NA,NA,NA,NA,NA,NA,NA,NA,NA,NA,NA,NA,NA,NA,NA,NA,NA,NA,NA,NA,NA,NA,NA,NA,NA,NA,NA,NA,NA,NA,NA,NA,NA,NA,NA,NA,NA,NA,NA,NA,NA,NA,NA,NA,NA,NA,NA,NA,NA,NA,NA,NA,NA,NA,NA,NA,NA,NA,NA,NA,NA,5218,16.47,0,3.15,0.3,0,NA,NA,0.0128825,0.17,2.84,0.0915,"LWR estimates for this (Sub)family-body shape",NA,NA,NA,NA,NA,0.88,NA,NA,NA,NA,NA,NA,NA,0,0,NA,NA,0,0,7.42621,799.946,NA,NA,NA,NA,NA,NA,2019-04-24,13.5,0,NA,1,NA,1,5218,NA,NA,NA,NA,NA,NA,NA,NA,NA,NA,NA,NA,NA,NA,NA,NA,NA,NA,NA,NA,NA,NA,NA,NA,NA,NA,NA,NA,NA
"53","Perca flavescens",-133.70361,2.75886749407958,"Perciformes","Actinopterygii","Perca flavescens",1.63808320858283,NA,NA,NA,NA,NA,NA,NA,NA,NA,NA,NA,NA,NA,NA,NA,NA,NA,NA,NA,NA,NA,NA,NA,NA,NA,NA,NA,NA,NA,NA,NA,NA,NA,NA,NA,NA,NA,NA,NA,NA,NA,NA,NA,NA,NA,NA,NA,NA,NA,NA,NA,NA,NA,NA,NA,NA,NA,NA,NA,NA,NA,NA,NA,NA,NA,NA,NA,NA,NA,NA,NA,NA,NA,NA,NA,NA,NA,NA,NA,NA,NA,NA,NA,NA,NA,NA,NA,NA,NA,NA,NA,NA,NA,NA,NA,NA,NA,NA,NA,NA,NA,NA,NA,NA,NA,NA,NA,NA,NA,NA,NA,NA,NA,NA,NA,NA,NA,NA,NA,NA,359,50,0,3.67,0.183,0,NA,NA,0.0123027,0.0558,3.04,0.0368,"LWR estimates for this species",NA,NA,NA,NA,NA,0.27,NA,NA,NA,871.75,NA,NA,9,0,0,NA,56,0,0,5.97777,76.1318,1.07503,NA,NA,NA,NA,NA,2019-04-24,41,0,0.5,2,0,20,359,253,373,7471,"dioecism","external",NA,NA,NA,NA,0,NA,NA,0,NA,"nonguarders","open water/substratum egg scatterers","none",1,88808,NA,NA,10,1994-09-16,2,2011-12-05 00:00:00,10,1996-03-16 00:00:00,"Nonobligatory plant spawner.",NA
"54","Poecilia formosa",-144.96346,4.33592662304662,"Cyprinodontiformes","Actinopterygii","Poecilia formosa",NA,NA,NA,NA,NA,NA,NA,NA,NA,NA,NA,NA,NA,NA,NA,NA,NA,NA,NA,NA,NA,NA,NA,NA,NA,NA,NA,NA,NA,NA,NA,NA,NA,NA,NA,NA,NA,NA,NA,NA,NA,NA,NA,NA,NA,NA,NA,NA,NA,NA,NA,NA,NA,NA,NA,NA,NA,NA,NA,NA,NA,NA,NA,NA,NA,NA,NA,NA,NA,NA,NA,NA,NA,NA,NA,NA,NA,NA,NA,NA,NA,NA,NA,NA,NA,NA,NA,NA,NA,NA,NA,NA,NA,NA,NA,NA,NA,NA,NA,NA,NA,NA,NA,NA,NA,NA,NA,NA,NA,NA,NA,NA,NA,NA,NA,NA,NA,NA,NA,NA,NA,3225,9.6,0,2.51,0.25,0,NA,NA,0.011749,0.182,3.12,0.0919,"LWR estimates for this Genus-body shape",NA,NA,NA,NA,NA,0.48,NA,NA,NA,NA,NA,NA,NA,0,0,NA,NA,0,0,23.1977,3734.22,NA,NA,NA,NA,NA,NA,2019-04-24,7.87,0,NA,1,NA,1,3225,1717,3421,8601,"parthenogenesis","other",NA,NA,NA,NA,0,NA,NA,0,NA,"bearers","internal live bearers",NA,NA,NA,NA,NA,10,1994-11-29,2,2014-02-11 00:00:00,NA,NA,"Reproduces gynogenetically (Refs. 8601, 8602, 8605, 5723), meaning once the sperm has penetrated the egg membrane, it takes no further part in the development of the embryo.  Eggs develop following  copulation and stimulation by sperm from males of other species in the genus, either  <i>P. latipinna, P. mexicana, P. latipunctata</i>, or rarely <i>P. sphenops</i>. Viviparous (Ref. 8601), but there is no nutritional contribution by the mother during embryonic development to compensate for the depletion of stored reserves in the egg as embryos develop (Ref. 8606).",NA
"55","Poecilia latipinna",-132.68369,3.13084105684435,"Cyprinodontiformes","Actinopterygii","Poecilia latipinna",NA,NA,NA,NA,NA,NA,NA,NA,NA,NA,NA,NA,NA,NA,NA,NA,NA,NA,NA,NA,NA,NA,NA,NA,NA,NA,NA,NA,NA,NA,NA,NA,NA,NA,NA,NA,NA,NA,NA,NA,NA,NA,NA,NA,NA,NA,NA,NA,NA,NA,NA,NA,NA,NA,NA,NA,NA,NA,NA,NA,NA,NA,NA,NA,NA,NA,NA,NA,NA,NA,NA,NA,NA,NA,NA,NA,NA,NA,NA,NA,NA,NA,NA,NA,NA,NA,NA,NA,NA,NA,NA,NA,NA,NA,NA,NA,NA,NA,NA,NA,NA,NA,NA,NA,NA,NA,NA,NA,NA,NA,NA,NA,NA,NA,NA,NA,NA,NA,NA,NA,NA,3226,15,0,2,0,0,NA,NA,0.0123027,0.111,3.04,0.0697,"LWR estimates for this species & Genus-body shape",NA,NA,NA,NA,NA,0.32,NA,NA,NA,NA,NA,NA,NA,0,0,0,NA,0,0,66.9247,4816.37,NA,NA,NA,NA,NA,NA,2019-04-24,11.38,0,1,13,NA,1,3226,1718,3422,26130,"dioecism","internal (oviduct)",NA,NA,NA,NA,0,NA,NA,0,NA,"bearers","internal live bearers",NA,NA,NA,"Medium",7020,10,1998-04-01,97,2006-05-22 00:00:00,NA,NA,"After 28 days gestation, this species produces 10 to 100 young.",NA
"56","Poecilia mexicana",-152.989612,2.74890532399434,"Cyprinodontiformes","Actinopterygii","Poecilia mexicana",18.708414541948,NA,NA,NA,NA,NA,NA,NA,NA,NA,NA,NA,NA,NA,NA,NA,NA,NA,NA,NA,NA,NA,NA,NA,NA,NA,NA,NA,NA,NA,NA,NA,NA,NA,NA,NA,NA,NA,NA,NA,NA,NA,NA,NA,NA,NA,NA,NA,NA,NA,NA,NA,NA,NA,NA,NA,NA,NA,NA,NA,NA,NA,NA,NA,NA,NA,NA,NA,NA,NA,NA,NA,NA,NA,NA,NA,NA,NA,NA,NA,NA,NA,NA,NA,NA,NA,NA,NA,NA,NA,NA,NA,NA,NA,NA,NA,NA,NA,NA,NA,NA,NA,NA,NA,NA,NA,NA,NA,NA,NA,NA,NA,NA,NA,NA,NA,NA,NA,NA,NA,NA,3227,13.42,0,2,0,0,NA,NA,0.01,0.107,3.1,0.0687,"LWR estimates for this species & (Sub)family-body",NA,NA,NA,NA,NA,0.35,NA,NA,NA,NA,NA,NA,NA,0,0,NA,NA,0,0,66.9247,4816.37,NA,NA,NA,NA,NA,NA,2019-04-24,11,0,0.857142857142857,7,NA,1,3227,1719,3423,26130,"dioecism","internal (oviduct)",NA,NA,NA,NA,0,NA,NA,0,NA,"bearers","internal live bearers",NA,NA,NA,NA,NA,10,1998-04-01,1057,2003-07-01 17:29:12,NA,NA,"28 days after fertilization female gives birth to 30-80 young. Sexual maturity is reached after 7-12 months (Ref. 2060).",NA
"57","Poecilia reticulata",-143.577615,1.52232471647259,"Cyprinodontiformes","Actinopterygii","Poecilia reticulata",27.1388888888889,NA,NA,NA,NA,NA,NA,NA,NA,NA,NA,NA,NA,NA,NA,NA,NA,NA,NA,NA,NA,NA,NA,NA,NA,NA,NA,NA,NA,NA,NA,NA,NA,NA,NA,NA,NA,NA,NA,NA,NA,NA,NA,NA,NA,NA,NA,NA,NA,NA,NA,NA,NA,NA,NA,NA,NA,NA,NA,NA,NA,NA,NA,NA,NA,NA,NA,NA,NA,NA,NA,NA,NA,NA,NA,NA,NA,NA,NA,NA,NA,NA,NA,NA,NA,NA,NA,NA,NA,NA,NA,NA,NA,NA,NA,NA,NA,NA,NA,NA,NA,NA,NA,NA,NA,NA,NA,NA,NA,NA,NA,NA,NA,NA,NA,NA,NA,NA,NA,NA,NA,3228,7.32,0,3.2,0.4,0,NA,NA,0.00870964,0.125,3.08,0.076,"LWR estimates for this species & Genus-body shape",NA,NA,NA,NA,NA,0.62,NA,NA,NA,0.7005,NA,NA,NA,0,0,NA,NA,0,0,7.02692,684.193,0.0175073,0.566582,NA,NA,NA,NA,2019-04-24,6,0,0.9,64,0,1,3228,1720,3424,7471,"dioecism","internal (oviduct)",NA,NA,NA,NA,0,NA,"No obvious seasonal peak",0,NA,"bearers","internal live bearers","maternal",1,53335,"High",7020,1,1994-05-30,2,2013-01-22 00:00:00,NA,NA,"Males are about half the size of females with colorful tail and caudal fin; the anal fin is transformed into a gonopodium for internal fertilization. Males are continuously chasing and mating females. Females can store sperms for later fertilization and may produce young every four weeks. Pregnant females are recognizable by black triangle between anal and pelvic fins. After a gestation period of four to six weeks females give birth to 20-40 live young. No parental care is exercised and parents may even prey on their young.",NA
"58","Pygocentrus nattereri",-136.51523,3.28205875939343,"Characiformes","Actinopterygii","Pygocentrus nattereri",6.83962264150943,NA,NA,NA,NA,NA,NA,NA,NA,NA,NA,NA,NA,NA,NA,NA,NA,NA,NA,NA,NA,NA,NA,NA,NA,NA,NA,NA,NA,NA,NA,NA,NA,NA,NA,NA,NA,NA,NA,NA,NA,NA,NA,NA,NA,NA,NA,NA,NA,NA,NA,NA,NA,NA,NA,NA,NA,NA,NA,NA,NA,NA,NA,NA,NA,NA,NA,NA,NA,NA,NA,NA,NA,NA,NA,NA,NA,NA,NA,NA,NA,NA,NA,NA,NA,NA,NA,NA,NA,NA,NA,NA,NA,NA,NA,NA,NA,NA,NA,NA,NA,NA,NA,NA,NA,NA,NA,NA,NA,NA,NA,NA,NA,NA,NA,NA,NA,NA,NA,NA,NA,4501,61,0,3.72,0.61,0,NA,NA,0.020893,0.0929,3.16,0.0627,"LWR estimates for this species & (Sub)family-body",NA,NA,NA,NA,NA,0.63,NA,NA,NA,756,NA,NA,NA,0,0,NA,NA,0,0,4.38646,145.353,0.566841,NA,NA,NA,NA,NA,2019-04-24,50,0,0.666666666666667,8,NA,1,4501,2258,4699,9077,"dioecism","external",NA,NA,NA,NA,0,NA,"one clear seasonal peak per year",0,9077,"guarders","nesters",NA,NA,NA,"Medium",7020,3,1995-05-19,2,2016-06-01 00:00:00,NA,NA,"Males and females appear externally alike (Refs. 2279 & 9245). In '<i>Serrasalmus</i> sp. aff. <i>nattereri<i/>', reported to occur in the Orinoco basin (Venezuela, Guyana), the males have more 'bull-like' heads, but are more slender than females (Ref. 1672). Eggs are laid on tree roots trailing in the water and are guarded; the reproductive success may vary strongly from year to year depending on how the savanna was flooded (Ref. 9078). The eggs are large, adhere to plants and are not attacked by the parents. They hatch in 9 to10 days (Ref. 7020).",NA
"59","Salarias fasciatus",-120.4007,1.18321483538141,"Perciformes","Actinopterygii","Salarias fasciatus",6.00354609929078,NA,NA,NA,NA,NA,NA,NA,NA,NA,NA,NA,NA,NA,NA,NA,NA,NA,NA,NA,NA,NA,NA,NA,NA,NA,NA,NA,NA,NA,NA,NA,NA,NA,NA,NA,NA,NA,NA,NA,NA,NA,NA,NA,NA,NA,NA,NA,NA,NA,NA,NA,NA,NA,NA,NA,NA,NA,NA,NA,NA,NA,NA,NA,NA,NA,NA,NA,NA,NA,NA,NA,NA,NA,NA,NA,NA,NA,NA,NA,NA,NA,NA,NA,NA,NA,NA,NA,NA,NA,NA,NA,NA,NA,NA,NA,NA,NA,NA,NA,NA,NA,NA,NA,NA,NA,NA,NA,NA,NA,NA,NA,NA,NA,NA,NA,NA,NA,NA,NA,NA,6058,14,0,2.04,0,0,NA,NA,0.00870964,0.112,3.02,0.0735,"LWR estimates for this species & (Sub)family-body",NA,NA,NA,NA,NA,0.54,NA,NA,NA,NA,NA,1,5,0,0,0,8,0,0,128.521,6375.33,NA,NA,25.4,28.5,29.3,2623,2019-04-24,11.55,0,NA,1,0,1,6058,3261,6372,240,"dioecism","external",NA,NA,NA,NA,0,NA,NA,0,NA,"guarders","nesters",NA,NA,NA,NA,NA,2,2002-10-01,2,2005-12-02 00:00:00,NA,NA,"Oviparous, distinct pairing (Ref. 205).",NA
"60","Sander lucioperca",-130.05418,4.56275444874646,"Perciformes","Actinopterygii","Sander lucioperca",NA,NA,NA,NA,NA,NA,NA,NA,NA,NA,NA,NA,NA,NA,NA,NA,NA,NA,NA,NA,NA,NA,NA,NA,NA,NA,NA,NA,NA,NA,NA,NA,NA,NA,NA,NA,NA,NA,NA,NA,NA,NA,NA,NA,NA,NA,NA,NA,NA,NA,NA,NA,NA,NA,NA,NA,NA,NA,NA,NA,NA,NA,NA,NA,NA,NA,NA,NA,NA,NA,NA,NA,NA,NA,NA,NA,NA,NA,NA,NA,NA,NA,NA,NA,NA,NA,NA,NA,NA,NA,NA,NA,NA,NA,NA,NA,NA,NA,NA,NA,NA,NA,NA,NA,NA,NA,NA,NA,NA,NA,NA,NA,NA,NA,NA,NA,NA,NA,NA,NA,NA,360,122,0,4.04,0.78,0,NA,NA,0.00660693,0.0411,3.1,0.0282,"LWR estimates for this species",NA,NA,NA,NA,NA,0.12,NA,NA,NA,7104.48,NA,2,3,0,0,2,30,0,0,4.17868,52.3119,1.7928,17,NA,NA,NA,NA,2019-04-24,100,0,0.962962962962963,30,0,9,360,254,374,9953,"dioecism","external","monogamy",NA,205,1,0,NA,"one clear seasonal peak per year",0,NA,"guarders","nesters","paternal",1,59043,NA,NA,10,1995-08-14,2,2016-06-01 00:00:00,1,1998-04-02 00:00:00,"The spawning places are over gravel in moving water (Ref. 205).  ""Males are territorial and excavate shallow depressions about 50 cm in diameter and 5-10 cm deep in sand or gravel, or among exposed plant roots on which eggs are deposited, usually in turbid water and at 1-3 m depth.  Spawn in pairs, at dawn or night.  The female remains over the nest while the male circles rapidly around, at about 1 meter from the nest. Then male takes a vertical orientation and both swim around swiftly, and eggs and sperm are released, The female leaves the nest after all eggs are released. The male defends the nest and fans the eggs with his pectorals. Females spawn once a year, laying all the eggs at one time (Ref. 88075). Feeding larvae are positively phototactic and feed on pelagic organisms after they leave the nest for open water"" (Ref. 59043).",NA
"61","Scleropages formosus",-123.74117,2.2584246205658,"Osteoglossiformes","Actinopterygii","Scleropages formosus",23.2945454545455,NA,NA,NA,NA,NA,NA,NA,NA,NA,NA,NA,NA,NA,NA,NA,NA,NA,NA,NA,NA,NA,NA,NA,NA,NA,NA,NA,NA,NA,NA,NA,NA,NA,NA,NA,NA,NA,NA,NA,NA,NA,NA,NA,NA,NA,NA,NA,NA,NA,NA,NA,NA,NA,NA,NA,NA,NA,NA,NA,NA,NA,NA,NA,NA,NA,NA,NA,NA,NA,NA,NA,NA,NA,NA,NA,NA,NA,NA,NA,NA,NA,NA,NA,NA,NA,NA,NA,NA,NA,NA,NA,NA,NA,NA,NA,NA,NA,NA,NA,NA,NA,NA,NA,NA,NA,NA,NA,NA,NA,NA,NA,NA,NA,NA,NA,NA,NA,NA,NA,NA,6357,90,0,3.88,0.63,0,NA,NA,0.00389045,0.209,3.12,0.115,"LWR estimates for this (Sub)family-body shape",NA,NA,NA,NA,NA,NA,NA,NA,NA,NA,NA,NA,NA,0,0,NA,NA,0,0,3.87281,110.604,NA,NA,NA,NA,NA,NA,2019-04-24,76.48,0,1,27,NA,1,6357,3518,6670,57868,"dioecism","external","monogamy",NA,27583,2,0,NA,"one clear seasonal peak per year",0,27583,"bearers","external brooders",NA,NA,NA,"Low",27583,10,1998-03-03,2,2007-02-01 00:00:00,1,1998-11-06 00:00:00,"From an observation of a breeding pair in a concrete tank, courtship lasts from several weeks to months. During this stage, the breeding pair swims near the water surface usually at night. ""The male chases the female around the perimeter of the tank. Sometimes, the pair circle each other nose-to-tail. About one to two weeks before spawning takes place, the fish swim side by side with their bodies touching. Eventually, the female releases a cluster of orange-red eggs. The male fertilises the eggs and then scoops them into its mouth where it incubates them. After hatching which occurs in about a week, the young larvae continue to live in the male's mouth for 7-8 weeks more until  the yolk sac is totally absorbed"" (Ref. 57886).",NA
"62","Seriola dumerili",-149.39332,2.21555770295227,"Perciformes","Actinopterygii","Seriola dumerili",NA,NA,NA,NA,NA,NA,NA,NA,NA,NA,NA,NA,NA,NA,NA,NA,NA,NA,NA,NA,NA,NA,NA,NA,NA,NA,NA,NA,NA,NA,NA,NA,NA,NA,NA,NA,NA,NA,NA,NA,NA,NA,NA,NA,NA,NA,NA,NA,NA,NA,NA,NA,NA,NA,NA,NA,NA,NA,NA,NA,NA,NA,NA,NA,NA,NA,NA,NA,NA,NA,NA,NA,NA,NA,NA,NA,NA,NA,NA,NA,NA,NA,NA,NA,NA,NA,NA,NA,NA,NA,NA,NA,NA,NA,NA,NA,NA,NA,NA,NA,NA,NA,NA,NA,NA,NA,NA,NA,NA,NA,NA,NA,NA,NA,NA,NA,NA,NA,NA,NA,NA,1005,190,0,4.66,0.77,0,NA,NA,0.0177828,0.0617,2.91,0.035,"LWR estimates for this species",0.591382,0.390312,0.887073,4,"Based on 4 stock assessments.",0.23,NA,NA,NA,60447.4,NA,18,72,0,0,1,360,0,0,4.25737,25.5781,1.91667,15,16.9,27.1,29,3486,2019-04-24,155.8,0,NA,1,0,3,1005,854,1021,33239,"dioecism","external",NA,NA,NA,NA,-1,118580,"one clear seasonal peak per year",-1,33239,"nonguarders","open water/substratum egg scatterers","none",4,NA,NA,NA,2,2001-11-15,303,2018-09-21 00:00:00,NA,NA,"Spawning happens during the summer, in areas near the coast. Embryo development lasts about 40 hours at 23<b0> and larval development 31-36 days. Egg size 1.9 mm, larval at hatching 2.9 mm.",NA
"63","Seriola lalandi",-156.56712,4.52622320797864,"Perciformes","Actinopterygii","Seriola lalandi",NA,NA,NA,NA,NA,NA,NA,NA,NA,NA,NA,NA,NA,NA,NA,NA,NA,NA,NA,NA,NA,NA,NA,NA,NA,NA,NA,NA,NA,NA,NA,NA,NA,NA,NA,NA,NA,NA,NA,NA,NA,NA,NA,NA,NA,NA,NA,NA,NA,NA,NA,NA,NA,NA,NA,NA,NA,NA,NA,NA,NA,NA,NA,NA,NA,NA,NA,NA,NA,NA,NA,NA,NA,NA,NA,NA,NA,NA,NA,NA,NA,NA,NA,NA,NA,NA,NA,NA,NA,NA,NA,NA,NA,NA,NA,NA,NA,NA,NA,NA,NA,NA,NA,NA,NA,NA,NA,NA,NA,NA,NA,NA,NA,NA,NA,NA,NA,NA,NA,NA,NA,382,250,0,4.16,0.144,0,NA,NA,0.0190546,0.126,2.93,0.0804,"LWR estimates for this species & Genus-body shape",0.282239,0.16345,0.487361,5,"Based on 5 stock assessments.",0.15,NA,NA,NA,41253.7,NA,105,364,0,0,3,825,0,0,3.42471,46.4723,1.9382,NA,9,14.9,23,1169,2019-04-24,205,0,NA,1,NA,1,382,264,396,27865,"dioecism","external",NA,NA,NA,NA,0,NA,NA,-1,27865,"nonguarders","open water/substratum egg scatterers","none",4,NA,NA,NA,2,1999-07-27,2,2016-06-07 00:00:00,NA,NA,NA,NA
"64","Sinocyclocheilus anshuiensis",-126.93477,3.39432683002093,"Cypriniformes","Actinopterygii","Sinocyclocheilus anshuiensis",NA,NA,NA,NA,NA,NA,NA,NA,NA,NA,NA,NA,NA,NA,NA,NA,NA,NA,NA,NA,NA,NA,NA,NA,NA,NA,NA,NA,NA,NA,NA,NA,NA,NA,NA,NA,NA,NA,NA,NA,NA,NA,NA,NA,NA,NA,NA,NA,NA,NA,NA,NA,NA,NA,NA,NA,NA,NA,NA,NA,NA,NA,NA,NA,NA,NA,NA,NA,NA,NA,NA,NA,NA,NA,NA,NA,NA,NA,NA,NA,NA,NA,NA,NA,NA,NA,NA,NA,NA,NA,NA,NA,NA,NA,NA,NA,NA,NA,NA,NA,NA,NA,NA,NA,NA,NA,NA,NA,NA,NA,NA,NA,NA,NA,NA,NA,NA,NA,NA,NA,NA,67194,12.24,0,2.89,0.32,0,NA,NA,0.0102329,0.167,3,0.0875,"LWR estimates for this (Sub)family-body shape",NA,NA,NA,NA,NA,0.61,NA,NA,NA,NA,NA,NA,NA,0,0,NA,NA,0,0,11.0039,1973.73,NA,NA,NA,NA,NA,NA,2019-04-24,10.03,0,NA,1,NA,1,67194,NA,NA,NA,NA,NA,NA,NA,NA,NA,NA,NA,NA,NA,NA,NA,NA,NA,NA,NA,NA,NA,NA,NA,NA,NA,NA,NA,NA,NA
"65","Sinocyclocheilus rhinocerous",-135.86953,1.93533826618387,"Cypriniformes","Actinopterygii","Sinocyclocheilus rhinocerous",NA,NA,NA,NA,NA,NA,NA,NA,NA,NA,NA,NA,NA,NA,NA,NA,NA,NA,NA,NA,NA,NA,NA,NA,NA,NA,NA,NA,NA,NA,NA,NA,NA,NA,NA,NA,NA,NA,NA,NA,NA,NA,NA,NA,NA,NA,NA,NA,NA,NA,NA,NA,NA,NA,NA,NA,NA,NA,NA,NA,NA,NA,NA,NA,NA,NA,NA,NA,NA,NA,NA,NA,NA,NA,NA,NA,NA,NA,NA,NA,NA,NA,NA,NA,NA,NA,NA,NA,NA,NA,NA,NA,NA,NA,NA,NA,NA,NA,NA,NA,NA,NA,NA,NA,NA,NA,NA,NA,NA,NA,NA,NA,NA,NA,NA,NA,NA,NA,NA,NA,NA,59961,11.83,0,2.89,0.32,0,NA,NA,0.00977237,0.213,3.02,0.116,"LWR estimates for this (Sub)family-body shape",NA,NA,NA,NA,NA,0.63,NA,NA,NA,NA,NA,NA,NA,0,0,NA,NA,0,0,10.8131,1914.62,NA,NA,NA,NA,NA,NA,2019-04-24,9.7,0,NA,1,NA,1,59961,NA,NA,NA,NA,NA,NA,NA,NA,NA,NA,NA,NA,NA,NA,NA,NA,NA,NA,NA,NA,NA,NA,NA,NA,NA,NA,NA,NA,NA
"66","Sparus aurata",-152.13932,2.74848182974609,"Perciformes","Actinopterygii","Sparus aurata",NA,NA,NA,NA,NA,NA,NA,NA,NA,NA,NA,NA,NA,NA,NA,NA,NA,NA,NA,NA,NA,NA,NA,NA,NA,NA,NA,NA,NA,NA,NA,NA,NA,NA,NA,NA,NA,NA,NA,NA,NA,NA,NA,NA,NA,NA,NA,NA,NA,NA,NA,NA,NA,NA,NA,NA,NA,NA,NA,NA,NA,NA,NA,NA,NA,NA,NA,NA,NA,NA,NA,NA,NA,NA,NA,NA,NA,NA,NA,NA,NA,NA,NA,NA,NA,NA,NA,NA,NA,NA,NA,NA,NA,NA,NA,NA,NA,NA,NA,NA,NA,NA,NA,NA,NA,NA,NA,NA,NA,NA,NA,NA,NA,NA,NA,NA,NA,NA,NA,NA,NA,1164,70,0,3.7,0,0,NA,NA,0.0125893,0.0247,3.02,0.0153,"LWR estimates for this species",0.565525,0.373247,0.848288,7,"Based on 7 stock assessments.",0.28,NA,NA,NA,4299.12,NA,1,30,0,0,1,150,0,0,5.37912,73.4604,0.95622,11,12.1,17.8,21,258,2019-04-24,57.4,0,0,7,0,1,1164,926,1180,2715,"protandry","external",NA,NA,NA,NA,0,NA,NA,0,NA,"nonguarders","open water/substratum egg scatterers","none",3,NA,NA,NA,10,1993-06-08,2,2017-07-24 00:00:00,2,2008-01-09 00:00:00,"Males become females at about 3 years of age (Ref. 2715, 28504). Protandric hermaphrodite species, maturing first as male (during the first or second year of age) and after the second or third year of age, as female. Spawning happens generally from October to December, with sequenced spawning during the whole period. Incubation lasts about 2 days at 16-1 7<b0>C. Larval stages last about 50 days at 1 7.5<b0>C or about 43
days at 20<b0>C. Egg size 0.9-1.1 mm, larval length at hatching 2.5-3.0 mm.  Simultaneous hermaphroditism is suggested for this species (Ref. 103751).",NA
"67","Stegastes partitus",-122.585664,3.57691340218599,"Perciformes","Actinopterygii","Stegastes partitus",NA,NA,NA,NA,NA,NA,NA,NA,NA,NA,NA,NA,NA,NA,NA,NA,NA,NA,NA,NA,NA,NA,NA,NA,NA,NA,NA,NA,NA,NA,NA,NA,NA,NA,NA,NA,NA,NA,NA,NA,NA,NA,NA,NA,NA,NA,NA,NA,NA,NA,NA,NA,NA,NA,NA,NA,NA,NA,NA,NA,NA,NA,NA,NA,NA,NA,NA,NA,NA,NA,NA,NA,NA,NA,NA,NA,NA,NA,NA,NA,NA,NA,NA,NA,NA,NA,NA,NA,NA,NA,NA,NA,NA,NA,NA,NA,NA,NA,NA,NA,NA,NA,NA,NA,NA,NA,NA,NA,NA,NA,NA,NA,NA,NA,NA,NA,NA,NA,NA,NA,NA,3652,10,0,2,0,0,NA,NA,0.0144544,0.143,3.01,0.0846,"LWR estimates for this species & (Sub)family-body",NA,NA,NA,NA,NA,0.75,NA,NA,NA,NA,NA,10,50,0,0,0,100,0,0,143.67,7174.06,NA,NA,24.2,26.9,28,262,2019-04-24,8.2,0,NA,1,NA,1,3652,1995,3848,205,"dioecism","external","monogamy",NA,205,1,0,NA,NA,0,NA,"guarders","nesters","paternal",1,205,NA,NA,2,2011-07-21,2,2015-07-21 00:00:00,NA,NA,"Oviparous, distinct pairing during breeding (Ref. 205).  Eggs are demersal and adhere to the substrate (Ref. 205).  Males guard and aerate the eggs (Ref. 205). This species has a juvenile bisexual condition and a typical gonochore testis (Ref. 103751).",NA
"68","Tachysurus fulvidraco",-127.95488,1.29487462095757,"Siluriformes","Actinopterygii","Tachysurus fulvidraco",NA,NA,NA,NA,NA,NA,NA,NA,NA,NA,NA,NA,NA,NA,NA,NA,NA,NA,NA,NA,NA,NA,NA,NA,NA,NA,NA,NA,NA,NA,NA,NA,NA,NA,NA,NA,NA,NA,NA,NA,NA,NA,NA,NA,NA,NA,NA,NA,NA,NA,NA,NA,NA,NA,NA,NA,NA,NA,NA,NA,NA,NA,NA,NA,NA,NA,NA,NA,NA,NA,NA,NA,NA,NA,NA,NA,NA,NA,NA,NA,NA,NA,NA,NA,NA,NA,NA,NA,NA,NA,NA,NA,NA,NA,NA,NA,NA,NA,NA,NA,NA,NA,NA,NA,NA,NA,NA,NA,NA,NA,NA,NA,NA,NA,NA,NA,NA,NA,NA,NA,NA,28052,34.5,0,3.5,0.095,0,NA,NA,0.00912011,0.0566,2.96,0.0373,"LWR estimates for this species",NA,NA,NA,NA,NA,0.23,NA,NA,NA,NA,NA,NA,NA,0,0,NA,NA,0,0,3.63092,7.82574,NA,NA,NA,NA,NA,NA,2019-04-24,28.29,0,NA,1,0,1,28052,7801,38672,33313,"dioecism","external",NA,NA,NA,NA,0,NA,NA,0,NA,"guarders","nesters",NA,NA,NA,NA,NA,2,2001-11-03,NA,2001-11-03 00:00:00,NA,NA,"Males have been reported to guard both the eggs and larvae in the nest hole, previously dug by the male in the clay bottom (Ref. 4576).",NA
"69","Takifugu rubripes",-125.824196,2.05963134083748,"Tetraodontiformes","Actinopterygii","Takifugu rubripes",NA,NA,NA,NA,NA,NA,NA,NA,NA,NA,NA,NA,NA,NA,NA,NA,NA,NA,NA,NA,NA,NA,NA,NA,NA,NA,NA,NA,NA,NA,NA,NA,NA,NA,NA,NA,NA,NA,NA,NA,NA,NA,NA,NA,NA,NA,NA,NA,NA,NA,NA,NA,NA,NA,NA,NA,NA,NA,NA,NA,NA,NA,NA,NA,NA,NA,NA,NA,NA,NA,NA,NA,NA,NA,NA,NA,NA,NA,NA,NA,NA,NA,NA,NA,NA,NA,NA,NA,NA,NA,NA,NA,NA,NA,NA,NA,NA,NA,NA,NA,NA,NA,NA,NA,NA,NA,NA,NA,NA,NA,NA,NA,NA,NA,NA,NA,NA,NA,NA,NA,NA,8198,80,0,3.6,0.57,0,NA,NA,0.017378,0.18,2.9,0.0944,"LWR estimates for this (Sub)family-body shape",NA,NA,NA,NA,NA,0.31,NA,NA,NA,NA,NA,6,26,0,0,1,50,0,0,4.87395,202.395,0.360716,9,13.5,19,23,96,2019-04-24,68.49,0,NA,1,NA,1,8198,4369,8511,205,"dioecism","external","monogamy",NA,205,1,0,NA,NA,0,NA,"nonguarders","open water/substratum egg scatterers","none",3,NA,NA,NA,2,2007-09-26,2,2017-07-24 00:00:00,NA,NA,NA,NA
"70","Xiphophorus couchianus",-150.223802,2.90320144340616,"Cyprinodontiformes","Actinopterygii","Xiphophorus couchianus",NA,NA,NA,NA,NA,NA,NA,NA,NA,NA,NA,NA,NA,NA,NA,NA,NA,NA,NA,NA,NA,NA,NA,NA,NA,NA,NA,NA,NA,NA,NA,NA,NA,NA,NA,NA,NA,NA,NA,NA,NA,NA,NA,NA,NA,NA,NA,NA,NA,NA,NA,NA,NA,NA,NA,NA,NA,NA,NA,NA,NA,NA,NA,NA,NA,NA,NA,NA,NA,NA,NA,NA,NA,NA,NA,NA,NA,NA,NA,NA,NA,NA,NA,NA,NA,NA,NA,NA,NA,NA,NA,NA,NA,NA,NA,NA,NA,NA,NA,NA,NA,NA,NA,NA,NA,NA,NA,NA,NA,NA,NA,NA,NA,NA,NA,NA,NA,NA,NA,NA,NA,6223,6,0,3.1,0.4,0,NA,NA,0.00691831,0.185,3.13,0.0978,"LWR estimates for this (Sub)family-body shape",NA,NA,NA,NA,NA,0.74,NA,NA,NA,NA,NA,NA,NA,0,0,NA,NA,0,0,7.88735,942.921,NA,NA,NA,NA,NA,NA,2019-04-24,4.92,0,NA,1,NA,1,6223,3397,6536,26130,"dioecism","internal (oviduct)",NA,NA,NA,NA,0,NA,NA,0,NA,"bearers","internal live bearers",NA,NA,NA,NA,NA,10,1998-03-04,NA,1998-03-04 00:00:00,NA,NA,NA,NA
"71","Xiphophorus hellerii",-139.94198,2.28091002540653,"Cyprinodontiformes","Actinopterygii","Xiphophorus hellerii",NA,NA,NA,NA,NA,NA,NA,NA,NA,NA,NA,NA,NA,NA,NA,NA,NA,NA,NA,NA,NA,NA,NA,NA,NA,NA,NA,NA,NA,NA,NA,NA,NA,NA,NA,NA,NA,NA,NA,NA,NA,NA,NA,NA,NA,NA,NA,NA,NA,NA,NA,NA,NA,NA,NA,NA,NA,NA,NA,NA,NA,NA,NA,NA,NA,NA,NA,NA,NA,NA,NA,NA,NA,NA,NA,NA,NA,NA,NA,NA,NA,NA,NA,NA,NA,NA,NA,NA,NA,NA,NA,NA,NA,NA,NA,NA,NA,NA,NA,NA,NA,NA,NA,NA,NA,NA,NA,NA,NA,NA,NA,NA,NA,NA,NA,NA,NA,NA,NA,NA,NA,3231,16,0,3.19,0.43,0,NA,NA,0.01,0.111,3.04,0.0689,"LWR estimates for this species & (Sub)family-body",NA,NA,NA,NA,NA,0.3,NA,NA,NA,NA,NA,NA,NA,0,0,NA,NA,0,0,7.10244,705.437,NA,NA,NA,NA,NA,NA,2019-04-24,13.12,0,0.933333333333333,32,NA,1,3231,1723,3427,26130,"dioecism","internal (oviduct)",NA,NA,NA,NA,0,NA,NA,0,NA,"bearers","internal live bearers",NA,NA,NA,"High",7020,18,1994-02-14,97,2014-03-26 00:00:00,NA,NA,"Female produces 20 to 200 young after a gestation period of 24 to 30 days. Attains sexual maturity after eight to twelve months (Ref. 26130). This species has a tendency to undergo sex reversal (from female to male) under certain environmental conditions (Ref. 6465).",NA
"72","Xiphophorus maculatus",-138.566583,2.67758796545634,"Cyprinodontiformes","Actinopterygii","Xiphophorus maculatus",NA,NA,NA,NA,NA,NA,NA,NA,NA,NA,NA,NA,NA,NA,NA,NA,NA,NA,NA,NA,NA,NA,NA,NA,NA,NA,NA,NA,NA,NA,NA,NA,NA,NA,NA,NA,NA,NA,NA,NA,NA,NA,NA,NA,NA,NA,NA,NA,NA,NA,NA,NA,NA,NA,NA,NA,NA,NA,NA,NA,NA,NA,NA,NA,NA,NA,NA,NA,NA,NA,NA,NA,NA,NA,NA,NA,NA,NA,NA,NA,NA,NA,NA,NA,NA,NA,NA,NA,NA,NA,NA,NA,NA,NA,NA,NA,NA,NA,NA,NA,NA,NA,NA,NA,NA,NA,NA,NA,NA,NA,NA,NA,NA,NA,NA,NA,NA,NA,NA,NA,NA,3232,6,0,3.2,0.4,0,NA,NA,0.0114815,0.166,3.11,0.0902,"LWR estimates for this species & (Sub)family-body",NA,NA,NA,NA,NA,0.74,NA,NA,NA,NA,NA,NA,NA,0,0,NA,NA,0,0,7.02692,684.193,NA,NA,NA,NA,NA,NA,2019-04-24,4.92,0,1,21,NA,1,3232,1724,3428,26130,"dioecism","internal (oviduct)",NA,NA,NA,NA,0,NA,NA,0,NA,"bearers","internal live bearers","maternal",1,205,"High",7020,10,1998-04-01,2,2007-08-24 00:00:00,NA,NA,"After 24 to 30 days gestation, 20 to 80 young are born (Ref 7020).",NA
